TempMax,TempMin,Precipitação,PaMedia,UmidadeMin,UmidadeMax
-0.4,-4.9,0.0,974.2,26,49
-2.4,-6.1,0.0,979.4,46,57
-2.9,-5.2,0.0,977.9,39,53
-2.6,-4.6,0.0,976.3,51,70
-3.7,-7.1,0.0,971.5,49,71
-1.9,-4.8,0.0,966.7,37,56
-1.4,-2.8,0.0,965.8,49,68
-1.1,-2.4,0.0,971.7,58,69
-1.3,-4.8,0.0,979.9,31,59
-2.2,-5.0,0.0,981.9,18,47
-1.4,-3.4,0.0,981.3,19,31
-1.0,-3.7,0.0,978.5,36,54
-2.5,-4.0,0.0,977.4,21,52
-2.8,-5.7,0.0,977.5,28,60
-3.3,-6.3,0.0,976.7,40,55
-3.6,-7.6,0.0,979.8,51,64
-5.4,-8.1,0.0,977.1,31,53
-4.1,-6.8,0.8,974.4,42,62
-6.6,-9.2,0.0,976.0,40,63
-6.4,-9.4,0.0,974.0,35,49
-5.9,-8.8,0.0,973.0,29,52
-6.2,-8.5,0.0,972.2,34,55
-5.3,-8.4,0.0,970.8,36,52
-6.2,-10.3,0.0,973.9,55,77
-8.9,-11.3,0.0,976.2,46,60
-8.8,-11.4,0.0,975.1,32,47
-6.3,-8.4,0.0,973.1,34,43
-5.4,-7.2,0.0,972.4,40,45
-5.3,-10.0,0.0,967.4,34,44
-7.5,-10.9,0.0,966.4,35,49
-7.8,-11.0,0.0,966.6,35,51
-7.3,-10.0,0.0,965.6,36,50
-5.4,-8.1,0.0,969.7,49,64
-4.8,-8.9,0.0,967.1,29,53
-8.0,-11.1,0.0,968.4,28,33
-8.4,-11.9,0.0,974.6,30,41
-5.7,-9.2,0.0,983.2,32,42
-4.7,-7.8,0.0,987.2,27,42
-5.7,-9.6,0.0,982.7,23,26
-7.2,-11.7,0.0,983.6,25,37
-9.3,-12.5,0.0,980.9,33,40
-9.3,-12.8,0.0,973.1,32,36
-9.0,-13.0,0.0,983.5,35,62
-9.1,-11.2,0.0,999.6,52,63
-9.5,-12.6,0.0,998.6,23,63
-11.0,-14.7,0.0,994.1,20,23
-13.8,-17.5,0.0,992.2,18,23
-11.7,-15.3,0.0,986.8,21,23
-3.6,-11.2,2.9,981.8,21,69
0.6,-3.4,4.5,990.8,54,75
2.0,-2.1,0.0,981.8,22,56
-2.2,-10.0,0.0,979.7,15,21
-9.8,-13.7,0.0,980.2,15,25
-10.7,-12.8,0.0,975.2,14,27
-12.1,-16.1,0.0,974.7,17,21
-14.2,-17.5,0.0,983.7,17,46
-14.5,-18.5,0.0,986.8,37,60
-14.1,-20.0,0.0,981.6,18,37
-14.2,-19.7,0.0,982.7,17,27
-16.9,-20.1,0.0,981.7,17,24
-16.7,-20.8,0.0,986.3,18,34
-17.8,-22.4,0.0,989.5,27,35
-20.3,-23.7,0.0,988.4,24,37
-18.0,-22.3,0.0,986.8,29,36
-16.5,-18.7,0.0,984.0,23,31
-17.3,-21.2,0.0,975.2,22,25
-18.2,-21.1,0.0,974.6,22,32
-17.2,-20.3,0.0,977.2,32,37
-18.6,-23.8,0.0,980.8,37,51
-15.4,-21.9,0.0,977.5,38,62
-11.5,-15.0,0.0,972.8,42,56
-10.4,-14.1,0.0,971.0,32,39
-10.9,-12.3,0.0,976.7,34,48
-11.3,-13.7,0.0,975.6,32,35
-12.5,-16.1,0.0,975.8,21,39
-15.7,-20.9,0.0,978.7,18,22
-19.7,-20.8,0.0,983.6,19,25
-19.6,-22.8,0.0,986.1,11,18
-22.8,-25.5,0.0,982.7,11,20
-23.5,-27.2,0.0,977.4,20,32
-25.3,-29.9,0.0,987.9,31,44
-24.1,-29.0,0.0,986.0,27,43
-18.4,-25.0,0.0,983.9,45,64
-18.2,-23.5,0.0,988.4,45,59
-23.0,-24.8,0.0,989.2,35,44
-19.2,-22.5,0.0,981.5,34,38
-17.5,-18.9,0.0,970.2,34,36
-15.0,-18.3,0.0,965.9,26,34
-10.2,-14.6,0.0,967.9,21,37
-9.8,-12.8,0.0,975.1,37,42
-12.9,-15.8,0.0,985.4,42,54
-13.8,-17.6,0.0,990.4,36,43
-17.6,-22.2,0.0,991.9,24,42
-22.1,-24.0,0.0,995.6,15,23
-23.9,-25.6,0.0,994.7,16,22
-24.6,-28.7,0.0,989.4,20,23
-28.4,-30.3,0.0,986.2,21,26
-28.4,-33.4,0.0,988.4,24,48
-27.3,-32.7,0.0,990.0,32,55
-26.6,-30.5,0.0,992.0,26,51
-26.5,-30.0,0.0,980.9,23,28
-17.6,-28.4,0.0,975.8,26,36
-16.4,-21.9,0.0,972.4,14,36
-22.4,-29.1,0.0,969.7,13,16
-28.2,-32.6,0.0,971.4,17,48
-22.9,-33.4,0.0,977.0,48,64
-24.2,-27.0,0.0,981.5,28,63
-20.0,-26.9,0.0,977.7,30,40
-16.2,-19.6,0.0,973.6,30,41
-16.1,-20.3,0.0,974.6,40,55
-19.9,-27.0,0.0,972.9,33,51
-12.4,-24.7,0.0,961.6,28,49
-13.6,-19.0,0.0,960.3,29,43
-14.6,-18.6,0.0,969.2,26,46
-9.8,-18.8,0.0,953.1,22,54
-11.0,-17.8,0.0,962.1,53,61
-18.0,-22.1,0.0,968.9,41,53
-13.3,-19.9,0.0,979.5,39,55
-17.8,-25.2,0.0,984.7,39,55
-25.3,-27.4,0.0,983.2,35,46
-25.5,-28.9,0.0,990.6,35,46
-26.8,-29.5,0.0,987.0,24,44
-25.9,-27.5,0.0,972.5,37,55
-22.3,-27.4,0.0,965.2,28,36
-17.4,-22.0,0.0,956.0,22,36
-18.3,-22.3,0.0,964.2,25,47
-15.7,-21.5,0.0,966.8,20,40
-8.2,-17.1,0.0,963.7,22,49
-7.3,-12.5,0.0,984.4,27,46
-12.1,-15.8,0.0,988.7,10,25
-13.5,-22.0,0.0,987.2,12,36
-12.8,-16.8,0.0,983.9,25,33
-11.6,-15.5,0.0,981.0,12,24
-15.8,-27.4,0.0,982.9,11,19
-16.3,-26.5,0.0,986.7,19,56
-16.2,-18.5,0.0,984.8,37,55
-18.2,-18.9,0.0,982.0,42,55
-18.1,-19.5,0.0,990.4,47,57
-17.2,-18.3,0.0,984.0,46,52
-17.4,-22.2,0.0,975.6,43,49
-19.3,-24.6,0.3,980.2,41,58
-18.4,-19.6,4.2,981.5,48,60
-17.6,-19.8,0.0,980.7,42,54
-17.6,-22.4,0.0,965.2,19,38
-22.8,-26.7,0.0,955.8,19,33
-22.1,-28.8,0.0,978.5,33,49
-19.9,-21.8,0.0,990.3,19,35
-20.6,-25.2,0.0,982.0,14,18
-23.2,-26.3,0.0,981.2,16,30
-19.5,-22.8,0.0,968.9,13,19
-19.8,-26.5,0.0,966.2,13,25
-26.4,-29.1,0.0,970.4,23,45
-26.2,-27.8,0.0,972.8,13,41
-26.4,-36.2,0.0,973.5,14,47
-27.1,-30.8,0.0,984.3,30,41
-26.2,-31.6,0.0,981.0,17,43
-27.1,-33.4,0.0,972.7,16,21
-30.2,-37.1,0.0,981.7,23,52
-33.4,-37.1,0.0,990.7,35,43
-27.1,-37.7,0.0,1004.1,32,43
-24.1,-27.1,0.0,1007.0,21,43
-24.3,-26.7,0.0,999.5,11,20
-23.4,-33.9,0.0,1000.9,11,38
-23.0,-33.9,0.0,1004.8,8,36
-18.4,-23.4,0.0,998.1,5,8
-18.7,-30.6,0.0,977.5,5,18
-19.6,-30.6,0.0,972.8,19,58
-13.1,-25.8,0.0,980.3,27,60
-14.2,-20.3,0.0,992.1,32,40
-13.5,-22.7,0.0,983.2,9,40
-14.1,-27.9,0.0,973.7,11,23
-26.9,-28.2,0.0,970.2,19,23
-25.1,-27.3,0.0,977.0,18,23
-25.0,-30.8,0.0,975.5,23,48
-28.9,-31.7,0.0,986.1,18,35
-25.1,-31.3,0.0,987.4,19,33
-22.4,-25.2,0.0,991.0,18,29
-21.4,-28.4,0.0,995.8,29,52
-24.9,-27.1,0.0,995.1,40,48
-25.3,-27.4,0.0,1001.7,40,48
-24.9,-27.8,0.0,1009.0,40,49
-25.1,-28.8,0.0,1005.8,30,51
-24.9,-27.2,0.0,1001.1,23,32
-24.0,-26.9,0.0,993.1,19,24
-25.8,-37.7,0.0,997.8,24,69
-33.4,-37.4,0.0,999.6,41,67
-33.7,-35.6,0.0,991.1,27,40
-30.5,-34.9,0.0,982.9,22,31
-32.3,-34.8,0.0,985.7,27,34
-31.9,-36.5,0.0,985.6,34,67
-20.5,-36.6,0.0,973.9,40,67
-19.8,-26.3,0.0,969.4,45,65
-22.4,-26.3,0.0,975.0,48,66
-23.2,-27.5,0.0,967.5,22,46
-23.8,-28.7,0.0,967.8,22,33
-28.5,-34.2,0.0,970.6,33,53
-31.3,-37.2,0.0,971.3,34,68
-28.0,-30.3,0.0,964.3,21,43
-27.5,-32.9,0.0,965.0,46,72
-28.8,-33.5,0.0,965.7,35,57
-25.8,-33.4,1.1,968.4,21,51
-24.1,-25.6,0.4,971.0,29,48
-24.1,-25.7,0.0,965.0,8,27
-25.3,-29.8,0.0,965.4,8,13
-25.1,-29.5,0.0,966.9,15,63
-20.4,-26.4,0.0,975.9,38,54
-18.5,-23.8,0.0,973.4,25,43
-18.0,-21.3,0.0,973.6,31,43
-20.4,-22.6,0.0,973.6,41,56
-19.6,-22.8,0.0,973.4,39,53
-23.3,-32.6,0.0,969.5,34,53
-28.5,-30.5,0.0,967.2,28,42
-27.4,-30.1,0.0,976.9,27,32
-25.5,-29.9,0.0,978.7,16,26
-17.1,-24.2,0.0,977.6,20,28
-21.5,-24.6,0.0,978.9,8,20
-24.5,-27.7,0.0,973.4,10,25
-26.2,-29.5,0.0,976.7,10,24
-26.0,-30.4,0.0,982.5,10,17
-24.3,-30.7,0.0,992.1,18,20
-20.5,-25.8,0.0,982.7,9,18
-24.0,-31.2,0.0,990.1,13,24
-28.9,-30.6,0.0,996.1,19,26
-28.6,-30.3,0.0,989.3,21,42
-28.7,-37.4,0.0,977.8,19,55
-28.7,-34.4,0.0,977.0,18,27
-32.6,-34.7,0.0,972.1,20,26
-26.3,-32.5,0.0,968.4,14,20
-25.8,-27.4,0.0,981.8,13,15
-26.1,-29.6,0.0,984.6,15,19
-26.5,-31.0,0.0,976.8,17,50
-26.4,-32.9,0.0,970.7,41,68
-25.8,-26.4,0.0,972.6,42,49
-18.6,-26.1,1.3,960.1,38,50
-14.7,-21.8,0.0,969.1,36,47
-18.0,-20.0,2.2,975.3,39,76
-15.9,-20.6,4.6,973.5,40,60
-14.4,-17.9,0.0,989.6,12,46
-18.4,-28.7,0.0,989.8,11,17
-28.7,-30.6,0.0,988.4,17,28
-23.1,-29.1,0.0,985.8,27,40
-22.3,-25.1,0.0,984.6,37,44
-18.4,-24.4,0.0,977.5,28,37
-17.6,-19.4,0.0,977.2,38,58
-16.0,-18.5,0.0,982.1,30,55
-18.4,-23.2,0.0,977.9,24,30
-17.1,-22.8,0.0,972.6,22,42
-17.8,-22.2,0.0,977.4,35,50
-21.5,-30.2,0.0,978.4,34,54
-25.5,-29.2,0.0,981.1,34,48
-24.9,-26.1,0.0,983.6,17,36
-26.2,-29.7,0.0,980.5,13,18
-28.9,-31.2,0.0,979.8,14,22
-23.7,-29.2,0.0,981.8,24,41
-19.5,-24.5,0.0,975.5,40,43
-16.9,-19.7,0.0,968.5,42,49
-19.3,-23.3,0.0,964.2,41,46
-20.7,-27.0,0.0,967.5,40,68
-20.9,-27.2,0.0,974.3,41,56
-24.0,-30.2,0.0,973.1,35,55
-23.7,-25.2,0.0,970.6,29,34
-25.3,-29.4,0.0,966.9,14,28
-26.8,-30.7,0.0,966.6,17,41
-21.0,-28.7,0.0,972.1,19,28
-20.7,-24.4,0.0,984.9,19,27
-17.3,-22.1,0.0,995.8,19,42
-20.7,-21.6,0.0,985.9,39,51
-20.5,-23.8,0.0,978.7,20,51
-21.1,-23.2,0.0,981.7,22,31
-22.8,-25.5,0.0,983.2,30,41
-24.4,-30.9,0.0,984.9,37,50
-27.5,-30.4,0.0,974.2,34,46
-25.8,-29.6,0.0,962.3,33,50
-24.6,-27.4,0.0,964.7,46,50
-23.7,-31.6,0.0,971.4,40,66
-20.4,-26.6,0.0,970.4,53,61
-14.7,-19.7,0.0,969.5,45,54
-16.5,-18.0,0.0,963.9,36,47
-11.8,-15.9,0.0,960.2,32,46
-10.7,-12.6,0.0,966.4,48,60
-12.3,-15.3,0.0,969.9,47,60
-14.5,-18.9,0.0,966.0,32,46
-17.8,-20.7,0.0,959.5,14,35
-18.9,-22.9,0.0,961.1,13,21
-17.9,-23.1,0.0,966.8,14,29
-18.2,-27.2,0.0,965.3,13,37
-17.1,-20.7,0.0,969.8,32,43
-17.6,-19.7,0.0,974.2,25,32
-16.9,-21.3,0.0,974.7,19,25
-17.6,-22.2,0.0,977.6,17,19
-21.2,-23.9,0.0,987.1,19,26
-19.9,-23.8,0.0,990.0,25,31
-18.9,-21.0,0.0,977.9,26,33
-18.4,-21.5,0.0,970.8,24,29
-13.8,-19.7,0.0,977.1,25,55
-13.0,-15.7,0.0,981.3,52,60
-12.7,-14.1,0.0,981.5,59,76
-12.8,-18.6,0.0,984.1,46,76
-17.9,-21.2,0.0,981.9,27,44
-19.1,-21.1,0.0,980.3,28,36
-17.8,-21.7,0.0,988.8,35,41
-19.6,-23.0,0.0,982.2,35,44
-18.5,-21.3,0.0,978.0,34,42
-17.5,-20.1,0.0,984.9,35,40
-16.7,-19.1,0.0,987.3,32,36
-15.9,-17.7,0.0,992.8,32,35
-12.5,-15.4,0.0,992.9,20,35
-12.2,-15.2,0.0,992.7,20,24
-13.9,-16.8,0.0,991.0,17,22
-14.0,-16.7,0.0,987.6,17,31
-12.3,-14.5,0.0,983.7,26,32
-12.1,-16.3,0.0,981.9,22,26
-12.1,-15.8,0.0,992.6,23,27
-11.0,-16.0,0.0,989.6,25,30
-13.5,-18.6,0.0,988.6,26,36
-12.2,-14.6,0.0,990.4,28,41
-10.9,-12.9,0.0,991.6,30,41
-10.3,-14.1,0.0,983.0,25,40
-7.1,-10.7,0.0,978.1,29,51
-3.5,-6.7,0.0,979.5,22,31
-3.8,-9.7,0.0,986.1,28,56
-6.8,-9.3,0.0,980.6,23,32
-7.9,-11.0,0.0,980.2,24,30
-9.5,-13.9,0.0,978.4,29,44
-7.0,-11.8,0.0,978.3,25,45
-5.9,-7.9,0.0,982.7,31,48
-6.6,-10.3,0.0,987.9,30,40
-8.1,-10.6,0.0,985.5,33,44
-7.9,-10.3,0.4,980.6,35,71
-8.4,-10.7,0.3,979.0,55,89
-8.0,-9.7,0.6,980.7,59,86
-7.0,-9.7,0.0,984.5,35,62
-6.1,-7.6,0.0,982.0,47,57
-6.4,-9.1,0.0,979.5,37,59
-7.1,-10.9,0.0,978.8,35,56
-7.1,-9.9,0.0,982.0,35,58
-6.4,-8.9,0.0,984.0,38,49
-5.1,-7.4,0.0,980.4,28,46
-1.8,-4.9,0.0,977.0,36,61
0.2,-1.5,0.0,977.6,49,64
0.8,-1.5,0.0,977.7,39,57
0.1,-1.8,0.0,978.9,52,59
-0.5,-2.8,0.0,980.8,47,65
-0.7,-2.3,0.0,983.0,55,76
-0.7,-3.3,0.2,982.9,72,96
-2.7,-5.0,0.0,982.0,57,81
-2.7,-4.9,0.0,979.4,56,66
-4.0,-6.3,0.0,985.0,61,76
-3.3,-5.1,0.0,986.5,62,70
-2.9,-6.0,0.0,987.7,62,74
-4.1,-7.0,0.0,988.8,38,69
-4.2,-6.5,0.0,989.2,28,44
-4.4,-7.4,0.0,989.5,28,43
-4.9,-8.2,0.0,991.0,37,65
-5.8,-8.7,0.0,991.0,47,66
-5.6,-9.1,0.0,983.6,48,60
-5.3,-7.0,0.3,981.5,47,70
-4.6,-7.3,1.1,994.5,51,76
-3.3,-5.3,0.0,993.0,49,63
-1.1,-4.1,0.0,990.6,38,53
0.8,-1.2,0.0,990.9,36,57
1.8,-1.5,0.0,989.6,38,47
1.3,-1.6,0.0,985.6,38,53
0.8,-1.9,0.0,983.4,46,65
1.2,-1.9,0.0,982.8,49,69
-0.8,-3.9,0.0,982.4,59,96
-1.6,-3.1,0.0,985.0,23,58
-0.8,-2.4,0.0,989.2,26,34
-2.1,-5.0,0.0,994.0,26,42
-2.3,-5.5,0.0,994.6,35,54
-2.3,-5.8,0.0,985.5,29,50
-2.9,-6.4,0.2,977.2,37,59
-3.9,-5.2,0.0,982.4,40,65
-3.2,-6.5,0.0,987.0,59,73
-3.3,-6.3,0.0,984.0,55,75
-3.6,-7.3,0.0,983.3,50,74
-4.5,-7.7,0.0,977.7,50,77
-4.7,-7.8,0.0,975.9,40,69
-2.7,-5.5,0.0,975.9,35,55
-1.2,-2.3,0.0,982.3,56,65
-1.4,-4.5,0.0,985.7,27,64
-2.6,-4.8,0.0,978.6,32,37
-1.9,-4.6,0.0,982.2,40,61
-2.4,-4.5,0.0,994.0,63,78
-3.1,-4.2,0.3,992.8,68,80
-2.9,-6.0,0.0,986.6,48,74
-5.0,-9.1,0.0,984.0,42,54
-7.3,-9.3,0.0,980.6,21,43
-7.4,-9.2,0.0,973.7,21,31
-6.3,-9.3,0.0,974.8,28,35
-5.7,-8.7,0.0,986.0,27,52
-4.3,-6.1,8.9,985.7,53,79
-4.2,-5.7,4.9,982.6,71,86
-3.3,-5.6,0.0,977.3,72,94
-3.1,-5.6,0.0,976.0,51,89
-2.0,-6.0,0.0,977.4,45,53
-5.1,-9.8,0.0,981.4,48,67
-7.4,-10.0,0.0,979.4,36,49
-7.1,-10.1,0.0,979.4,31,41
-8.3,-10.7,0.0,978.0,26,30
-7.9,-11.0,0.0,975.0,30,48
-10.7,-14.9,0.0,974.4,40,54
-12.5,-15.3,0.0,973.2,22,39
-13.3,-16.3,0.0,971.4,23,41
-13.3,-16.5,0.0,970.2,38,46
-13.1,-16.0,0.0,971.9,48,67
-10.5,-12.9,0.0,976.2,42,67
-10.0,-13.2,0.0,982.4,47,55
-9.9,-13.2,0.0,983.1,40,46
-12.4,-16.3,0.0,984.0,37,42
-15.3,-19.7,0.0,984.9,22,40
-14.5,-18.8,0.0,978.7,21,35
-11.3,-14.2,0.0,969.2,22,36
-10.6,-13.8,0.0,968.1,20,32
-7.9,-10.0,0.0,975.5,33,56
-7.6,-9.9,0.0,977.3,28,60
-10.0,-12.5,0.0,967.9,18,28
-6.6,-10.2,0.0,962.5,28,54
-6.0,-7.9,0.0,964.3,40,53
-6.7,-10.7,0.0,974.9,40,46
-7.9,-12.1,0.0,979.6,26,44
-10.3,-13.7,0.0,979.6,24,31
-11.3,-16.0,0.0,974.3,30,45
-13.1,-15.2,0.5,971.7,44,67
-13.9,-16.8,0.0,975.5,26,58
-14.2,-16.9,0.0,972.2,23,30
-15.1,-18.3,0.0,972.0,31,53
-15.4,-17.6,0.0,977.0,47,52
-14.4,-17.3,0.0,981.6,46,51
-16.3,-21.1,0.0,970.8,31,46
-18.9,-22.7,0.0,965.3,34,40
-17.2,-20.9,0.0,969.2,31,52
-15.8,-22.3,0.0,970.6,57,78
-16.6,-21.8,0.0,969.0,53,80
-13.1,-15.9,0.0,970.8,35,50
-13.2,-16.2,0.0,975.5,40,64
-11.2,-14.9,0.0,977.8,45,63
-10.6,-13.7,0.0,967.3,33,42
-12.0,-14.4,0.0,969.7,33,57
-9.6,-13.1,0.0,976.7,46,57
-8.7,-12.8,0.0,970.1,31,47
-8.1,-11.8,0.0,957.9,29,41
-7.5,-12.2,0.2,957.9,40,64
-9.7,-13.0,0.0,972.6,38,62
-13.0,-18.3,0.0,969.9,23,44
-18.3,-21.2,0.0,970.0,16,22
-20.5,-22.7,0.0,978.5,14,17
-20.4,-22.8,0.0,985.7,13,30
-20.8,-23.6,0.0,981.4,27,34
-20.9,-29.1,0.0,973.8,35,62
-29.1,-33.6,0.0,978.3,41,51
-29.2,-33.0,0.0,977.6,46,60
-27.9,-30.2,0.0,969.9,22,49
-18.4,-28.8,0.0,963.1,23,40
-18.2,-26.8,0.0,976.4,40,75
-26.9,-29.7,0.0,985.1,32,69
-26.9,-28.7,0.0,976.2,18,29
-27.6,-32.2,0.0,966.4,17,24
-30.4,-33.3,0.0,958.3,22,30
-27.8,-37.5,0.0,965.8,24,73
-24.6,-27.8,0.0,967.8,41,53
-22.4,-25.5,0.0,967.6,36,49
-22.1,-29.8,0.0,979.8,38,74
-19.8,-28.9,0.0,984.7,45,67
-19.1,-23.0,0.0,972.2,32,60
-18.3,-28.2,0.0,972.2,30,54
-17.8,-26.1,0.0,970.9,42,55
-21.6,-27.1,0.0,973.7,30,56
-23.8,-33.2,0.0,976.9,30,74
-22.9,-30.2,0.0,985.0,45,74
-23.6,-25.8,0.0,990.5,47,65
-24.8,-28.7,0.0,988.1,34,43
-28.6,-35.7,0.0,983.4,40,71
-30.9,-36.8,0.0,992.2,38,53
-31.5,-37.2,0.0,984.5,30,54
-31.5,-37.2,0.0,980.8,35,64
-29.7,-35.7,0.0,987.4,35,55
-21.5,-31.1,0.0,991.0,19,33
-14.9,-21.3,0.0,979.5,8,17
-15.5,-24.9,0.0,979.2,10,19
-24.8,-27.3,0.0,980.8,18,24
-25.8,-31.6,0.0,980.1,24,32
-31.3,-34.9,0.0,980.3,32,72
-20.1,-36.0,1.0,984.2,47,73
-16.8,-20.3,4.1,983.2,51,57
-16.5,-17.4,5.1,981.8,50,56
-15.9,-17.6,0.0,984.8,50,55
-17.2,-18.7,0.0,983.1,50,56
-17.2,-19.3,0.0,981.8,57,68
-19.3,-22.5,0.0,983.6,46,59
-21.5,-25.4,0.0,982.2,15,49
-25.3,-31.0,0.0,980.4,13,23
-27.8,-30.9,0.0,975.3,17,20
-16.7,-34.4,0.0,974.1,20,39
-15.8,-20.6,0.0,977.6,11,52
-20.3,-27.7,0.0,978.1,11,15
-27.3,-28.8,0.0,984.1,14,17
-28.1,-30.8,0.0,987.8,15,43
-28.1,-29.3,0.0,993.4,42,49
-23.1,-32.8,0.0,980.1,19,43
-19.0,-23.8,0.0,964.1,20,30
-12.0,-18.7,0.0,960.8,26,51
-12.7,-16.4,0.0,969.6,52,58
-13.9,-17.5,0.0,977.1,38,59
-13.5,-15.0,0.0,978.4,38,48
-13.7,-17.8,0.0,978.9,37,45
-18.0,-21.8,0.0,975.6,12,37
-22.1,-28.7,0.0,977.1,12,18
-18.8,-22.1,0.0,977.3,19,29
-13.9,-18.5,0.0,967.1,29,46
-13.9,-19.7,0.0,971.4,47,55
-19.9,-21.8,0.0,969.8,30,48
-22.3,-26.7,0.0,990.0,34,44
-22.2,-26.1,0.0,995.8,16,41
-19.7,-22.1,0.0,995.9,16,35
-19.6,-21.3,0.0,996.6,32,37
-19.5,-24.6,0.0,988.9,15,33
-25.0,-31.5,0.0,988.1,23,35
-29.5,-34.5,0.0,979.3,36,59
-24.6,-30.4,0.0,983.3,38,53
-24.0,-25.2,0.0,987.9,38,44
-25.4,-32.6,0.0,992.1,36,47
-31.2,-39.1,0.0,989.7,19,51
-30.2,-35.7,0.0,988.3,11,30
-34.9,-42.7,0.0,985.3,16,33
-26.7,-38.0,0.0,982.6,19,32
-26.8,-29.9,0.0,982.4,23,35
-21.1,-27.8,0.0,978.3,21,35
-16.4,-25.5,0.0,977.4,14,35
-22.8,-27.5,0.0,984.6,15,39
-19.5,-22.5,0.0,989.3,35,45
-17.3,-19.6,0.0,987.6,24,37
-16.9,-19.3,0.0,984.5,26,46
-15.2,-19.4,0.0,988.6,37,46
-19.8,-21.7,0.0,998.5,36,46
-18.9,-23.6,0.0,993.6,25,36
-13.3,-20.6,0.0,994.9,25,41
-14.7,-20.9,0.0,996.0,24,43
-11.3,-15.0,0.0,991.1,24,40
-15.4,-22.8,0.0,996.1,14,32
-14.5,-22.6,0.0,1010.3,15,40
-13.4,-16.1,0.0,1009.8,41,54
-14.6,-18.3,0.0,1002.0,35,55
-18.0,-23.9,0.0,998.1,21,46
-17.8,-23.1,0.0,997.6,34,52
-17.9,-27.6,0.0,994.0,23,40
-19.7,-26.4,0.0,987.2,38,53
-21.7,-25.3,0.0,990.3,25,43
-24.7,-28.0,0.0,992.5,27,44
-27.0,-30.6,0.0,983.7,38,56
-28.8,-32.1,0.0,976.3,45,54
-27.4,-31.2,0.0,979.7,49,68
-26.4,-34.2,0.0,981.5,55,73
-24.9,-26.3,0.0,986.6,53,69
-26.0,-28.2,0.0,982.4,54,63
-25.9,-30.0,0.0,984.4,42,74
-22.4,-25.6,0.0,996.1,33,44
-25.4,-32.1,0.0,983.5,27,36
-29.0,-35.6,0.0,980.1,32,45
-23.8,-36.0,0.0,979.4,33,47
-21.2,-24.3,0.0,978.9,30,49
-21.2,-27.2,0.0,978.0,31,47
-27.6,-31.8,0.0,973.9,41,53
-28.7,-35.6,0.0,971.1,41,55
-27.1,-35.2,0.0,973.9,33,60
-29.4,-34.4,0.0,976.3,26,38
-31.5,-34.9,0.0,954.5,21,39
-28.7,-35.8,0.0,949.2,21,49
-26.7,-29.2,0.0,963.9,46,57
-18.7,-27.8,0.0,968.9,32,44
-17.0,-20.0,0.0,969.3,29,47
-20.2,-25.4,0.0,966.2,18,30
-23.9,-29.3,0.0,966.2,19,31
-23.1,-29.0,0.0,973.8,23,34
-22.3,-24.3,0.0,976.5,12,29
-22.8,-29.1,0.0,971.4,12,28
-29.4,-30.5,0.0,969.9,12,30
-25.4,-30.6,0.0,966.9,25,29
-21.9,-26.3,0.0,958.9,25,39
-21.0,-28.3,0.0,958.7,25,52
-26.9,-32.7,0.0,968.0,35,71
-25.5,-31.1,0.0,972.0,29,51
-25.2,-30.8,0.0,980.7,28,64
-26.0,-32.3,0.0,978.8,23,38
-27.3,-34.5,0.0,994.8,28,50
-13.5,-28.6,0.0,997.8,11,31
-12.8,-25.7,0.0,987.4,9,24
-24.1,-30.6,0.0,993.8,23,44
-26.4,-32.7,0.0,999.7,33,46
-17.9,-25.4,0.0,999.8,21,43
-16.9,-20.1,0.0,1005.3,38,49
-18.3,-22.3,0.0,1012.7,38,51
-20.9,-24.3,0.0,1011.9,41,58
-21.6,-25.5,0.0,1010.6,27,47
-22.0,-31.2,0.0,1008.4,25,40
-14.1,-25.8,0.0,999.3,8,23
-16.2,-27.5,0.0,994.6,10,21
-24.9,-27.9,0.0,997.1,17,24
-28.0,-33.8,0.0,997.9,24,41
-24.5,-34.1,0.0,982.9,21,38
-25.9,-35.5,0.0,984.7,22,41
-35.7,-39.9,0.0,983.7,43,60
-30.4,-36.9,0.0,981.0,34,71
-32.8,-37.5,0.0,973.0,48,64
-31.5,-36.8,0.0,959.6,53,66
-29.2,-32.3,0.0,955.6,58,72
-29.3,-32.2,0.0,967.5,46,72
-23.8,-30.9,0.0,971.8,34,45
-17.2,-22.7,0.0,981.5,13,39
-17.7,-21.7,0.0,988.8,12,20
-18.7,-21.8,0.0,989.8,13,20
-16.5,-18.6,0.0,985.9,10,15
-12.4,-24.7,0.0,975.4,11,20
-24.8,-29.5,0.0,980.6,15,31
-24.0,-28.2,2.2,990.2,30,65
-21.5,-23.6,0.0,990.9,49,60
-22.9,-32.4,0.0,987.2,23,53
-24.7,-31.0,0.0,976.0,16,31
-24.4,-33.0,0.0,974.6,16,25
-27.3,-33.0,0.0,980.8,25,51
-18.0,-30.8,0.0,979.4,21,49
-16.9,-20.1,0.0,977.7,20,23
-11.8,-19.2,0.0,976.8,19,48
-14.4,-20.8,0.0,984.5,48,66
-13.9,-19.4,0.0,983.5,29,59
-14.2,-19.3,0.0,980.4,28,39
-19.1,-20.9,0.0,985.0,30,36
-17.7,-20.8,0.0,989.7,28,45
-12.2,-17.8,0.0,991.5,27,36
-11.8,-16.3,0.0,989.8,31,36
-15.9,-23.8,0.0,984.2,15,33
-22.8,-28.1,0.0,990.7,21,45
-18.8,-23.6,0.0,997.2,34,43
-20.5,-25.5,0.0,999.9,28,39
-15.6,-22.1,0.0,1004.8,26,32
-11.0,-14.9,0.0,1005.3,16,27
-10.5,-21.6,0.0,992.5,12,22
-19.2,-25.4,0.0,982.8,19,52
-18.8,-20.3,0.0,981.2,54,67
-19.1,-22.8,0.0,988.4,57,69
-18.0,-21.9,0.0,987.7,44,62
-18.2,-20.2,0.0,977.4,27,41
-16.9,-22.6,0.0,978.7,30,59
-10.1,-16.9,0.0,979.6,44,62
-11.3,-16.0,0.0,982.4,57,68
-14.9,-18.0,0.0,984.6,52,63
-11.7,-16.1,0.0,982.8,47,56
-11.3,-15.4,0.0,982.1,25,47
-14.1,-20.1,0.0,980.4,21,30
-18.9,-22.2,0.0,980.3,18,29
-20.7,-24.6,0.0,978.2,13,23
-20.2,-22.8,0.0,977.5,19,26
-20.1,-22.7,0.0,980.0,19,29
-17.7,-19.9,0.0,973.3,25,30
-16.2,-18.0,0.0,962.9,22,30
-10.6,-16.4,0.0,953.2,24,59
-8.9,-11.5,0.4,961.1,46,71
-8.8,-12.1,0.0,964.4,50,68
-11.3,-17.0,0.0,966.6,54,73
-15.8,-18.0,0.0,971.6,49,72
-15.3,-18.3,0.0,979.9,56,65
-18.0,-22.2,0.0,977.4,26,54
-19.8,-23.5,0.0,981.2,23,32
-22.6,-26.1,0.0,987.1,32,39
-22.6,-24.5,0.0,986.4,29,34
-19.9,-27.2,0.0,984.9,30,52
-17.3,-22.6,0.0,981.4,29,43
-17.7,-24.1,0.0,987.0,35,48
-17.6,-21.7,0.0,993.2,28,41
-18.2,-21.3,0.0,985.6,23,28
-12.1,-17.9,0.0,978.1,24,40
-10.7,-15.3,0.0,972.7,36,48
-13.1,-15.1,0.0,971.5,33,36
-14.4,-17.6,0.0,972.1,36,41
-16.2,-19.1,0.0,968.6,39,43
-17.7,-20.9,0.0,969.5,44,57
-16.9,-21.3,0.0,967.9,25,53
-10.3,-16.3,0.0,961.5,23,37
-8.5,-12.0,0.0,966.5,34,53
-9.8,-14.5,0.0,978.0,41,64
-12.1,-17.1,0.0,978.5,42,74
-10.9,-15.7,0.0,970.4,40,54
-7.9,-10.7,0.0,975.6,34,43
-8.4,-12.1,0.0,976.7,25,38
-6.9,-9.1,0.0,976.1,24,33
-6.8,-12.3,0.0,977.3,31,43
-9.1,-11.8,0.0,981.0,35,45
-9.1,-11.9,0.0,983.1,36,65
-8.3,-12.6,0.0,976.3,26,35
-10.8,-13.3,0.0,975.5,33,41
-10.1,-12.2,0.0,984.8,38,59
-9.1,-11.0,0.0,988.5,40,55
-5.5,-8.8,0.0,983.0,24,52
-3.6,-7.0,0.0,978.0,22,27
-4.0,-7.3,0.0,980.8,20,24
-5.7,-8.1,0.0,982.1,20,23
-2.0,-5.8,0.0,977.3,21,25
-1.8,-7.1,0.0,982.4,26,61
-4.1,-9.0,0.0,979.6,33,62
-1.5,-3.5,0.0,974.2,20,30
-2.4,-7.7,0.0,972.1,27,40
-4.2,-6.5,0.0,969.4,30,42
-3.5,-6.8,0.0,973.7,29,61
-3.4,-6.2,0.0,976.7,44,64
-2.5,-6.5,0.0,973.4,39,57
-4.3,-7.3,0.0,977.3,57,82
-5.0,-7.4,0.0,978.6,58,81
-4.7,-7.5,0.0,988.0,47,66
-5.5,-7.1,0.0,992.7,24,48
-4.8,-6.3,0.0,987.7,22,35
-3.7,-5.5,0.0,980.7,19,34
-3.3,-5.2,0.0,978.0,19,22
-3.3,-6.1,0.0,977.7,21,28
-2.9,-5.7,0.0,970.9,23,30
-3.3,-6.8,0.0,973.8,28,49
-1.9,-4.3,0.0,979.9,40,65
-1.2,-4.6,0.0,979.6,38,66
-1.6,-4.4,0.0,979.4,39,60
-2.2,-5.5,0.0,982.9,53,67
-4.0,-6.8,0.0,985.5,49,75
-4.7,-8.3,0.0,983.7,44,62
-5.2,-7.5,0.0,978.3,38,52
-5.6,-8.3,0.0,973.9,38,44
-5.2,-7.9,0.0,978.2,27,49
-3.6,-5.0,0.0,988.3,31,45
-3.6,-7.4,0.0,988.4,30,46
-4.4,-6.0,0.0,981.6,21,43
-3.3,-7.0,0.0,986.8,28,46
-4.8,-6.3,0.0,987.7,25,46
-3.2,-4.6,0.0,986.1,20,27
-3.1,-4.4,0.0,988.7,19,25
-2.3,-4.3,0.0,990.7,20,25
-1.4,-2.7,0.0,987.5,21,26
-0.4,-3.4,0.0,983.3,24,34
0.4,-2.1,0.0,984.3,24,38
0.0,-2.3,0.0,990.9,23,50
0.4,-2.6,0.0,985.6,35,51
-0.2,-2.7,0.0,986.8,26,47
-1.5,-3.8,0.0,986.2,30,37
-1.4,-4.6,0.0,985.6,33,46
-2.9,-6.7,0.0,989.4,34,43
-4.3,-7.4,0.0,989.1,31,46
-4.7,-7.7,0.0,985.1,39,55
-4.4,-6.9,0.0,988.4,49,69
-3.7,-6.1,0.0,991.0,36,75
-2.2,-4.4,0.0,988.4,32,43
-1.8,-5.3,0.0,985.5,32,40
-2.1,-5.4,0.0,989.4,31,48
-2.2,-3.9,0.0,986.7,23,46
-1.3,-4.1,0.0,978.0,20,29
-1.8,-5.5,0.0,979.6,21,27
-1.1,-3.1,0.0,986.6,27,44
-1.0,-4.7,0.0,982.7,23,51
-2.9,-6.4,0.0,975.6,22,33
-4.0,-6.5,0.0,980.6,36,55
-4.3,-6.5,0.0,987.3,54,66
-4.0,-7.4,0.0,985.7,59,75
-4.8,-8.2,0.0,980.1,30,75
-6.0,-8.2,0.0,974.6,33,51
-6.7,-8.7,0.0,977.4,36,40
-7.4,-9.1,0.0,980.3,32,38
-7.0,-10.2,0.0,983.5,34,41
-9.5,-13.0,0.0,981.8,27,43
-10.4,-13.8,0.0,979.9,25,34
-11.4,-13.5,0.0,982.0,25,32
-10.5,-13.0,0.0,985.4,34,43
-10.5,-12.9,0.0,984.4,28,38
-7.9,-11.0,0.0,980.4,29,44
-3.7,-8.0,0.0,970.0,39,49
-3.7,-5.4,0.0,974.3,43,55
-4.0,-8.8,0.0,983.9,24,49
-9.1,-11.6,0.0,989.6,19,30
-8.1,-11.7,0.0,994.1,18,34
-5.5,-8.1,0.0,999.0,12,17
-5.4,-7.6,0.0,988.1,15,27
-7.5,-14.4,0.0,986.7,21,36
-11.0,-13.5,0.0,991.4,20,39
-9.7,-12.5,0.1,984.0,29,54
-11.4,-16.8,0.0,974.7,20,28
-14.4,-18.0,0.0,972.4,25,32
-9.9,-14.4,0.0,976.1,30,39
-9.7,-12.6,0.0,974.8,19,36
-11.6,-16.2,0.0,971.0,19,28
-14.4,-18.4,0.0,977.7,28,40
-16.2,-18.5,0.0,978.3,31,43
-16.4,-20.1,0.0,972.7,28,31
-17.7,-20.5,0.0,968.1,28,32
-16.6,-20.5,0.0,974.7,27,38
-15.6,-18.5,0.0,976.4,31,45
-15.0,-17.6,0.0,974.1,27,41
-15.0,-21.1,0.0,976.1,25,37
-18.2,-20.8,0.0,981.1,28,32
-17.2,-18.8,0.0,985.4,31,39
-17.9,-20.7,0.0,983.9,27,32
-16.9,-19.7,0.0,982.1,28,36
-15.6,-19.9,0.0,985.1,35,47
-14.9,-19.6,0.0,984.7,37,42
-18.6,-21.3,0.0,980.8,33,39
-20.5,-23.5,0.0,981.3,25,40
-19.1,-21.2,0.0,985.7,33,39
-16.4,-21.3,0.0,991.5,38,43
-15.6,-16.3,0.0,992.6,29,41
-16.0,-19.9,0.0,988.0,19,28
-19.4,-20.7,0.0,978.1,15,21
-20.7,-23.9,0.0,983.1,15,20
-20.6,-24.5,0.0,983.2,20,44
-17.4,-24.1,0.0,978.0,35,45
-16.7,-17.4,0.0,979.4,44,51
-16.4,-19.1,0.0,973.3,37,46
-16.1,-17.6,0.0,972.2,31,36
-11.6,-16.1,0.0,968.2,31,46
-11.9,-19.2,0.0,971.9,10,43
-17.7,-23.2,0.0,974.4,10,27
-21.2,-23.2,0.0,976.2,28,41
-22.3,-25.9,0.0,974.2,42,56
-25.2,-28.8,0.0,976.1,21,42
-27.8,-31.0,0.0,974.7,23,30
-26.8,-28.5,0.0,967.0,22,27
-25.8,-29.9,0.0,973.8,23,68
-22.5,-30.8,0.0,978.6,30,71
-21.0,-22.8,0.0,959.0,20,29
-21.6,-29.0,0.0,965.0,21,52
-23.2,-25.9,0.0,977.3,45,60
-24.4,-27.2,0.0,979.9,33,44
-25.4,-29.7,0.0,968.9,32,57
-21.3,-27.3,0.0,964.4,26,55
-19.9,-22.8,0.0,974.4,53,66
-23.0,-26.9,0.0,976.4,45,56
-25.2,-29.8,0.0,975.6,43,65
-26.8,-29.3,0.0,976.6,48,68
-18.5,-27.9,0.0,971.9,33,55
-19.6,-24.0,0.0,968.7,21,54
-21.3,-24.7,0.0,970.1,22,30
-15.9,-22.2,0.0,969.3,21,42
-15.9,-19.1,0.0,976.0,40,49
-13.7,-17.5,0.0,979.7,36,42
-14.0,-19.9,0.0,978.2,23,34
-9.2,-17.3,0.0,986.4,22,31
-8.9,-14.1,0.0,982.7,15,26
-14.4,-17.6,0.0,973.2,17,24
-17.9,-22.6,0.0,975.5,12,16
-22.5,-24.1,0.0,991.0,14,25
-19.5,-25.8,0.0,994.9,15,34
-16.5,-20.6,0.0,982.6,8,14
-16.8,-25.6,0.0,980.8,9,16
-23.6,-26.3,0.0,982.8,12,17
-22.3,-24.5,0.0,981.3,10,12
-24.7,-27.4,0.0,977.6,9,12
-26.7,-34.3,0.0,971.0,11,23
-32.3,-36.9,0.0,970.2,23,42
-34.8,-40.6,0.0,969.4,32,67
-31.5,-37.2,0.0,969.8,35,72
-26.9,-37.9,0.0,976.8,45,71
-20.1,-26.2,0.0,983.0,49,66
-11.4,-22.4,0.0,987.1,22,47
-10.6,-15.6,0.0,986.9,37,42
-15.7,-17.8,0.0,981.0,31,42
-12.7,-16.5,0.0,971.6,26,57
-16.2,-18.4,0.0,982.4,56,61
-13.6,-17.9,0.0,974.2,14,54
-9.8,-14.9,0.0,975.2,21,65
-13.6,-17.3,0.0,987.9,45,65
-11.3,-15.2,0.3,986.0,43,53
-9.7,-11.4,0.4,989.0,53,60
-10.2,-11.9,0.0,981.8,48,60
-12.1,-13.6,0.0,979.6,46,52
-13.5,-19.2,0.0,979.6,19,56
-19.4,-23.4,0.0,974.2,14,18
-23.7,-29.2,0.0,976.9,17,24
-28.4,-32.3,0.0,978.9,22,40
-21.1,-28.4,0.0,982.9,34,73
-26.4,-31.5,0.0,990.5,29,64
-25.2,-27.8,0.0,981.2,24,29
-25.0,-30.6,0.0,974.8,25,42
-23.8,-28.2,0.0,974.5,32,56
-24.2,-31.4,0.0,989.9,59,76
-25.3,-31.5,0.0,983.1,28,75
-20.3,-28.6,0.0,978.4,30,61
-17.7,-21.5,0.0,981.7,60,68
-14.0,-20.4,0.0,975.9,43,70
-12.3,-14.4,0.0,968.5,36,54
-12.7,-14.2,0.0,972.2,32,40
-14.5,-22.6,0.0,979.9,36,49
-22.2,-24.5,0.0,966.1,27,37
-23.7,-25.5,0.0,982.4,31,51
-25.5,-27.6,0.0,986.3,40,50
-27.7,-34.6,0.0,982.5,34,47
-29.1,-34.3,0.0,979.1,20,34
-18.5,-28.4,0.0,969.7,18,58
-16.2,-22.8,0.0,967.9,49,55
-22.9,-28.7,0.0,974.0,49,56
-27.2,-30.1,0.0,969.3,23,45
-29.4,-35.6,0.0,970.3,25,60
-25.7,-34.0,0.0,972.7,42,63
-25.8,-32.6,0.0,974.9,38,45
-19.8,-32.9,0.0,972.7,33,45
-17.2,-20.4,0.0,965.8,46,67
-17.0,-21.0,0.0,981.1,52,64
-18.8,-27.4,0.0,986.3,33,50
-23.8,-29.3,0.0,982.0,25,45
-21.0,-29.2,0.0,973.7,17,26
-23.3,-28.9,0.0,975.5,14,24
-21.9,-26.8,0.0,981.8,17,28
-26.4,-30.9,0.0,982.1,25,31
-20.8,-27.9,0.0,977.3,25,48
-19.3,-24.0,0.0,978.5,36,66
-21.0,-26.5,0.0,985.1,49,69
-20.6,-23.4,0.0,986.3,38,57
-22.7,-31.2,0.0,986.7,33,44
-29.8,-33.5,0.0,984.3,34,44
-33.4,-35.8,0.0,984.5,38,48
-32.2,-36.1,0.0,985.4,36,52
-23.4,-32.0,0.0,988.2,26,45
-23.6,-31.9,0.0,987.6,25,35
-30.6,-33.2,0.0,980.7,36,64
-31.5,-36.2,0.0,976.3,64,73
-32.8,-35.0,0.0,978.2,23,68
-32.4,-34.9,0.0,975.8,16,21
-32.0,-32.9,0.0,964.9,20,23
-27.4,-32.2,0.0,956.7,21,26
-26.8,-33.4,0.0,966.2,26,41
-32.9,-35.7,0.0,968.4,26,34
-33.1,-35.7,0.0,969.5,27,32
-33.5,-40.4,0.0,975.9,27,50
-38.7,-40.6,0.0,976.5,46,62
-37.1,-41.8,0.0,978.4,37,56
-35.5,-41.2,0.0,977.4,41,65
-33.3,-37.9,0.0,975.3,20,62
-35.6,-41.0,0.0,978.8,23,55
-26.9,-36.3,0.0,978.1,21,41
-16.0,-26.4,0.0,969.6,23,51
-14.3,-18.1,0.3,972.3,43,55
-11.8,-16.4,0.0,979.6,38,53
-15.7,-20.0,0.0,986.4,30,42
-18.6,-26.7,0.0,986.6,26,33
-23.7,-27.7,0.0,975.9,10,36
-26.9,-29.5,0.0,977.4,8,10
-29.3,-31.7,0.0,991.6,10,15
-29.5,-31.5,0.0,982.0,17,32
-30.1,-34.4,0.0,989.3,20,29
-34.3,-36.5,0.0,996.8,17,26
-33.5,-36.0,0.0,996.8,18,26
-28.2,-34.8,0.0,998.3,16,29
-26.1,-29.3,0.0,991.3,18,36
-26.8,-30.3,0.0,969.9,13,18
-30.4,-40.5,0.0,958.6,17,43
-24.4,-36.8,0.0,960.8,37,54
-21.1,-25.6,0.0,971.4,40,54
-16.3,-20.8,0.0,966.7,43,51
-15.4,-16.5,0.0,967.5,46,55
-16.2,-17.6,0.0,966.3,19,55
-15.0,-16.9,0.0,968.6,20,33
-15.3,-20.9,0.0,970.5,29,36
-16.6,-20.9,0.0,969.5,33,40
-16.6,-24.0,0.0,971.6,39,47
-21.1,-24.3,0.0,979.2,45,63
-19.6,-22.8,0.0,983.0,40,47
-19.5,-23.4,0.0,966.9,26,41
-16.1,-21.7,0.0,949.6,26,47
-16.5,-21.5,0.0,950.4,45,52
-17.4,-21.1,0.0,949.3,29,50
-19.8,-24.2,0.0,964.3,37,50
-18.7,-25.0,0.0,965.2,29,39
-17.8,-24.1,0.0,970.0,21,29
-21.0,-26.6,0.0,972.1,22,33
-27.3,-29.9,0.0,966.7,20,26
-20.5,-27.5,0.0,970.5,21,46
-20.6,-23.0,0.0,978.1,32,52
-19.7,-22.5,0.0,981.3,29,41
-14.1,-26.7,0.0,976.2,25,53
-13.1,-18.4,0.0,981.5,38,68
-13.0,-20.8,0.0,986.7,49,68
-9.1,-12.3,0.0,976.3,47,55
-9.8,-11.6,0.0,982.5,43,60
-11.2,-17.4,0.0,984.8,12,40
-17.9,-26.5,0.0,980.4,12,17
-16.1,-22.7,0.0,972.7,17,30
-15.5,-16.5,0.0,969.0,26,40
-15.3,-18.0,0.0,968.3,30,43
-17.7,-20.7,0.0,979.4,35,43
-20.2,-24.2,0.0,978.4,34,40
-16.7,-23.2,0.0,982.2,31,35
-13.2,-16.2,0.0,978.3,27,36
-13.4,-17.2,0.0,973.3,21,28
-10.2,-21.7,0.0,970.3,21,46
-10.4,-12.8,0.0,977.9,47,57
-12.6,-15.5,0.0,989.4,39,55
-13.4,-15.9,0.0,987.0,13,37
-15.2,-23.7,0.0,983.2,10,14
-23.8,-28.5,0.0,986.2,11,19
-23.9,-28.3,0.0,990.3,19,36
-19.8,-25.4,0.0,997.6,33,44
-20.8,-25.4,0.0,987.3,21,32
-19.2,-24.4,0.0,983.2,21,27
-16.4,-18.8,0.0,974.5,21,31
-11.0,-17.0,0.0,973.2,31,55
-10.0,-18.1,0.0,973.6,30,51
-18.5,-22.0,0.0,982.7,18,40
-18.6,-22.4,0.0,986.7,37,56
-21.6,-25.2,0.0,980.0,33,44
-22.6,-29.0,0.0,979.1,37,51
-14.2,-24.5,0.0,977.8,40,53
-13.1,-19.6,0.3,981.9,46,67
-10.5,-17.4,0.0,979.7,44,60
-9.1,-13.4,0.0,974.9,56,80
-13.2,-18.5,0.0,978.1,47,71
-16.3,-23.6,0.0,975.9,44,68
-15.2,-20.6,0.0,978.3,42,57
-15.2,-16.6,0.0,971.5,39,43
-14.6,-16.4,0.0,958.1,44,48
-13.7,-19.4,0.0,957.7,47,58
-16.0,-18.3,1.7,964.0,27,61
-15.9,-17.9,1.9,958.6,44,61
-16.7,-23.7,0.0,957.9,22,46
-16.7,-19.9,0.0,964.3,11,20
-18.9,-21.4,0.0,964.1,14,54
-19.6,-22.7,0.0,960.3,34,56
-18.6,-21.0,0.0,966.1,35,47
-19.3,-26.3,0.0,965.2,20,34
-15.9,-24.1,0.0,958.2,23,36
-15.5,-17.4,0.0,958.2,37,46
-15.8,-18.3,0.0,956.8,25,42
-10.1,-18.4,0.0,942.8,29,57
-12.6,-16.8,0.0,963.5,50,57
-13.2,-14.6,0.0,967.5,37,54
-14.6,-18.9,0.0,969.2,29,49
-9.7,-14.5,0.0,964.9,29,57
-11.6,-15.4,0.0,970.1,56,66
-6.6,-12.0,0.0,976.1,44,60
-7.0,-11.1,0.0,984.2,29,44
-9.7,-13.0,0.0,984.7,22,29
-10.1,-16.7,0.0,985.4,17,22
-14.1,-17.2,0.0,987.5,22,25
-15.1,-18.3,0.0,983.0,22,26
-15.3,-19.4,0.0,981.0,20,26
-15.3,-18.4,0.0,971.9,18,22
-15.8,-17.8,0.0,977.1,21,29
-14.8,-17.7,0.0,981.9,28,31
-14.3,-17.0,0.0,980.5,29,32
-12.8,-15.4,0.0,979.2,26,35
-11.9,-14.7,0.0,984.0,31,35
-10.7,-13.9,0.0,987.3,32,35
-9.5,-12.5,0.0,982.6,27,35
-9.0,-11.9,0.0,981.3,27,30
-9.6,-13.9,0.0,984.0,31,36
-10.4,-13.5,0.0,983.8,31,41
-10.5,-14.1,0.0,984.9,27,38
-11.6,-14.8,0.0,983.0,24,36
-12.3,-14.7,0.0,977.4,23,39
-12.1,-14.4,0.0,967.0,23,45
-11.6,-14.3,0.0,979.2,46,62
-12.2,-15.7,0.0,984.0,36,60
-13.0,-16.6,0.0,977.3,45,56
-12.5,-15.2,0.0,980.4,32,50
-12.8,-15.5,0.0,987.9,26,42
-11.4,-14.2,0.0,979.8,28,38
-9.0,-11.9,0.0,976.2,28,37
-7.5,-10.4,0.0,975.8,21,35
-6.8,-8.1,0.0,975.9,27,63
-6.4,-8.2,0.0,977.4,60,66
-6.7,-10.0,0.0,978.8,45,65
-7.8,-9.8,0.0,981.7,48,59
-6.6,-8.8,0.0,985.6,38,65
-6.0,-7.8,0.0,987.0,43,54
-6.8,-9.7,0.0,984.3,41,55
-8.3,-10.9,0.0,979.0,31,50
-9.1,-11.6,0.0,972.9,25,43
-9.4,-11.6,0.0,971.9,37,57
-10.1,-13.1,0.0,976.4,43,59
-9.7,-12.6,0.0,972.8,31,49
-7.5,-10.2,0.0,970.2,38,55
-4.7,-7.1,0.0,969.2,45,61
-3.6,-5.2,0.0,968.5,43,58
-3.7,-7.6,0.0,969.5,43,49
-4.9,-6.5,0.0,973.4,31,45
-4.2,-7.5,0.0,975.9,42,53
-4.9,-8.4,0.0,982.3,42,75
-5.9,-8.2,0.0,987.4,41,58
-5.6,-9.2,0.0,989.0,47,69
-5.4,-8.3,0.0,982.0,42,64
-6.5,-8.5,0.4,978.7,42,66
-6.3,-8.9,0.0,984.6,30,45
-5.0,-7.6,0.0,987.2,20,42
-4.1,-6.4,0.0,983.8,20,29
-5.3,-8.9,0.0,980.8,31,47
-6.6,-10.4,0.0,979.8,50,63
-7.1,-9.6,0.0,977.5,38,61
-4.8,-7.6,0.0,981.1,33,51
-3.7,-6.4,0.0,980.0,36,61
-4.4,-7.2,0.0,975.5,41,74
-3.0,-4.5,0.0,974.5,56,73
-3.1,-6.1,0.0,979.5,34,65
-2.8,-5.6,0.0,979.4,34,37
-3.6,-6.9,0.0,980.6,38,68
-3.9,-6.4,0.0,984.3,57,70
-4.1,-7.1,0.0,983.5,42,70
-4.1,-6.4,0.0,981.3,30,63
-1.7,-3.9,0.0,976.4,26,38
0.2,-1.3,0.0,979.1,37,48
0.5,-3.0,0.0,983.2,48,59
-1.4,-3.8,0.0,981.7,36,62
0.3,-1.2,0.0,979.7,53,64
0.3,-3.4,0.1,984.4,68,96
-2.0,-4.6,0.0,983.1,67,87
-2.4,-4.9,0.2,978.9,64,80
-1.1,-5.1,0.1,979.3,76,94
-2.4,-4.7,0.0,978.5,45,75
-2.1,-4.2,0.9,978.9,56,74
-3.6,-5.9,1.0,982.5,71,84
-4.2,-6.6,0.0,986.5,72,86
-4.3,-6.6,0.0,989.5,79,93
-4.0,-5.2,3.0,989.5,82,90
-3.8,-5.9,1.1,987.7,70,88
-3.9,-7.1,0.0,977.6,38,69
-4.8,-5.8,0.0,981.7,54,66
-4.6,-7.7,0.0,986.1,21,59
-5.8,-8.8,0.0,976.2,19,32
-7.5,-10.3,0.0,975.8,31,46
-6.0,-10.0,0.0,978.5,28,56
-2.4,-5.6,0.0,977.1,28,44
-2.0,-6.4,0.0,978.3,29,51
-3.7,-7.1,0.0,979.9,31,47
-2.7,-6.4,0.0,979.1,34,50
-3.8,-6.0,0.0,978.7,28,33
-3.6,-8.2,0.0,977.4,24,30
-5.3,-7.0,0.0,974.3,24,34
-4.2,-6.4,0.0,974.4,30,47
-3.7,-5.6,0.0,973.4,47,58
-3.4,-5.8,0.0,975.0,53,66
-4.2,-7.5,0.0,978.2,41,53
-5.9,-7.6,0.0,985.6,49,66
-4.6,-5.6,0.0,983.2,37,61
-3.8,-5.5,0.0,971.6,34,53
-3.7,-5.3,0.0,970.1,51,64
-2.6,-4.6,0.0,968.7,49,58
-3.3,-4.4,0.0,973.9,57,61
-2.9,-7.0,0.0,975.9,39,62
-6.0,-10.3,0.0,973.2,31,38
-7.6,-10.7,0.0,972.5,33,40
-8.6,-12.2,0.0,972.0,40,50
-9.2,-13.0,0.0,972.7,40,46
-6.2,-10.3,0.0,973.2,31,42
-5.8,-11.6,0.0,977.2,27,37
-10.1,-12.2,0.0,976.8,22,32
-9.2,-10.9,0.0,976.5,22,29
-8.6,-9.9,0.0,971.9,27,32
-8.2,-10.6,0.0,966.3,32,42
-9.3,-12.3,0.0,963.0,40,49
-8.8,-10.8,0.0,969.0,45,68
-7.9,-13.0,0.0,974.0,37,65
-11.2,-14.8,0.0,969.7,32,53
-14.3,-19.2,0.0,970.0,45,56
-15.6,-18.3,0.0,976.0,37,43
-12.9,-16.5,0.0,979.6,42,57
-12.1,-15.0,0.0,980.1,29,42
-14.4,-17.7,0.0,982.1,31,36
-14.2,-15.7,0.0,974.5,28,34
-12.0,-14.5,0.0,966.2,29,37
-11.2,-14.1,0.0,976.2,38,63
-13.6,-18.0,0.0,986.8,45,62
-13.7,-15.5,0.0,982.7,21,48
-14.7,-18.9,0.0,983.6,20,27
-17.6,-18.6,0.0,984.3,22,27
-17.0,-20.5,0.0,988.7,23,26
-17.7,-19.3,0.0,991.2,20,22
-16.5,-23.3,0.0,984.4,19,28
-22.6,-26.5,0.0,985.6,28,34
-21.1,-25.8,0.0,979.4,20,30
-20.7,-24.5,0.0,982.2,19,22
-24.2,-27.7,0.0,979.8,22,34
-25.1,-27.7,0.0,975.9,26,29
-25.1,-28.9,0.0,984.9,27,40
-22.1,-26.6,0.0,984.3,21,33
-20.1,-21.9,0.0,986.2,19,22
-18.1,-20.9,0.0,986.8,19,22
-17.4,-20.4,0.0,980.1,22,27
-18.4,-20.6,0.0,969.4,22,26
-19.1,-23.0,0.0,962.9,26,31
-21.2,-23.8,0.0,954.6,25,30
-20.5,-28.7,0.0,966.3,28,77
-21.4,-24.1,0.0,976.7,46,58
-20.7,-26.9,0.0,973.2,42,71
-18.3,-22.2,0.0,971.9,43,47
-17.3,-19.9,0.0,973.5,42,48
-18.2,-20.4,0.0,974.1,37,44
-19.7,-24.9,0.0,982.1,32,49
-18.8,-20.2,0.0,986.5,40,62
-19.5,-21.8,0.0,980.2,39,55
-21.4,-27.8,0.0,977.4,40,61
-27.2,-33.0,0.0,976.6,53,71
-27.0,-32.2,0.0,972.6,48,68
-21.1,-27.7,0.0,977.4,44,64
-18.4,-21.6,0.0,983.6,25,42
-18.5,-22.8,0.0,986.2,22,26
-21.5,-27.1,0.0,984.5,18,36
-26.0,-27.9,0.0,984.2,33,40
-27.5,-31.5,0.0,984.6,11,35
-29.4,-32.5,0.0,977.7,12,26
-22.8,-34.2,0.0,970.2,27,35
-18.6,-22.9,0.0,973.7,29,58
-21.4,-24.7,0.0,973.4,22,29
-23.7,-24.8,0.0,963.8,21,22
-24.0,-33.3,0.0,964.8,23,66
-25.2,-33.2,0.0,967.0,48,74
-27.7,-33.6,0.0,967.3,41,72
-30.4,-35.4,0.0,972.3,22,52
-20.8,-33.2,0.0,970.4,22,45
-17.1,-20.7,0.0,973.6,27,64
-14.2,-22.2,0.0,974.0,42,67
-12.6,-16.7,0.0,974.7,37,54
-13.6,-17.6,0.0,973.4,33,50
-17.9,-24.6,0.0,979.0,19,34
-21.5,-24.3,0.0,976.5,18,52
-21.7,-23.0,0.0,981.5,52,57
-19.9,-22.9,0.0,981.9,36,57
-21.7,-25.6,0.0,970.1,29,36
-23.6,-27.6,0.0,967.7,30,55
-23.9,-26.8,0.0,968.1,36,56
-21.2,-26.1,0.0,982.9,39,44
-22.3,-26.8,0.0,975.9,25,41
-22.3,-28.1,0.0,978.5,25,44
-13.6,-21.0,0.0,984.7,18,31
-13.8,-19.9,0.0,985.1,27,37
-20.3,-24.8,0.0,981.1,27,36
-17.0,-22.1,0.0,990.0,32,39
-17.1,-23.6,0.0,994.5,19,45
-22.4,-25.6,0.0,978.9,15,29
-24.3,-31.2,0.0,978.7,30,75
-29.6,-33.9,0.0,978.8,35,75
-26.1,-31.7,0.0,973.0,25,35
-31.8,-34.1,0.0,970.5,22,35
-30.4,-34.0,0.0,978.6,34,38
-31.1,-34.6,0.0,979.1,33,42
-28.1,-33.6,0.0,967.0,19,33
-26.7,-33.9,0.0,968.7,20,28
-24.7,-26.0,0.0,975.7,30,40
-25.2,-29.7,0.0,968.3,21,30
-25.1,-30.4,0.0,987.6,22,37
-25.0,-27.6,0.0,987.5,14,35
-23.1,-27.4,0.0,980.4,12,16
-23.3,-26.3,0.0,983.5,12,18
-24.6,-27.9,0.0,973.6,20,30
-25.2,-31.0,0.0,981.2,32,58
-31.0,-39.0,0.0,998.1,40,72
-24.7,-31.9,0.0,999.7,35,41
-23.0,-31.1,0.0,995.3,32,43
-30.5,-34.1,0.0,993.0,23,36
-23.2,-31.4,0.0,989.1,21,32
-18.2,-22.9,0.0,984.1,12,26
-18.0,-25.3,0.0,975.9,10,18
-23.3,-26.0,0.0,973.6,17,28
-18.9,-22.9,0.0,975.0,25,29
-19.9,-21.3,0.0,970.9,19,27
-21.4,-24.9,0.0,962.8,13,29
-16.0,-22.2,0.0,972.1,31,42
-17.9,-24.5,0.0,979.9,31,37
-24.6,-27.0,0.0,978.3,31,37
-20.3,-28.3,0.0,967.8,16,31
-20.0,-31.3,0.0,971.8,15,26
-24.1,-31.2,0.0,989.0,24,37
-28.6,-30.3,0.0,994.3,34,40
-29.9,-31.4,0.0,998.1,37,49
-29.4,-31.9,0.0,995.4,50,65
-24.6,-31.1,0.0,993.3,50,62
-24.2,-29.9,0.0,987.3,27,61
-27.3,-30.9,0.0,989.3,32,53
-25.3,-28.0,0.0,993.2,25,46
-25.3,-28.3,0.0,984.2,22,31
-24.8,-30.2,0.0,977.2,32,64
-19.1,-28.3,0.0,976.2,27,60
-20.0,-24.3,0.0,973.1,15,25
-23.7,-26.9,0.0,973.6,14,29
-25.8,-29.9,0.0,974.0,29,50
-23.1,-29.3,0.0,972.8,36,48
-25.5,-30.0,0.0,977.2,42,58
-26.8,-30.1,0.0,985.8,34,55
-25.9,-28.1,0.0,999.4,36,56
-23.7,-25.5,0.0,999.3,45,51
-24.9,-29.2,0.0,994.6,40,49
-29.2,-32.1,0.0,994.4,20,53
-31.3,-38.1,0.0,991.3,12,30
-26.1,-31.5,0.0,987.4,10,15
-21.6,-26.0,0.0,975.2,9,15
-20.9,-28.4,0.0,969.2,12,25
-26.4,-28.4,1.6,959.1,27,75
-27.9,-30.0,0.0,956.4,33,50
-25.5,-29.2,0.0,961.2,33,56
-25.2,-29.7,0.0,967.7,42,57
-28.0,-31.0,0.0,970.5,22,53
-27.7,-33.5,0.0,966.8,24,45
-19.0,-30.4,0.0,965.0,26,45
-18.9,-24.7,0.0,967.9,26,36
-17.5,-21.0,0.0,968.4,27,68
-17.5,-21.3,0.0,972.4,16,65
-17.3,-31.2,0.0,968.5,9,15
-28.4,-31.9,0.0,974.8,16,39
-31.3,-33.9,0.0,978.6,35,49
-32.4,-35.6,0.0,979.2,34,48
-26.3,-38.0,0.0,967.6,29,41
-26.0,-28.5,0.0,964.3,18,38
-24.8,-27.0,0.0,963.3,18,31
-26.1,-29.3,0.0,958.7,32,60
-18.9,-26.0,0.0,959.1,35,54
-14.7,-21.0,0.0,961.0,26,48
-21.2,-26.8,0.0,979.8,31,45
-26.5,-30.9,0.0,973.6,28,40
-29.3,-35.4,0.0,961.4,19,29
-24.2,-35.2,0.0,969.0,27,40
-28.2,-34.5,0.0,987.8,34,59
-22.6,-29.9,0.0,992.9,15,35
-25.0,-30.4,0.0,1001.4,25,58
-26.8,-31.5,0.0,993.7,29,50
-30.0,-34.9,0.0,990.3,25,44
-26.5,-35.4,0.0,991.1,22,34
-22.0,-26.6,0.0,976.0,22,30
-23.5,-25.3,0.0,962.7,18,25
-21.5,-26.9,0.0,960.2,25,43
-23.6,-27.8,0.0,967.7,14,37
-24.1,-28.9,0.0,970.4,12,15
-29.3,-32.8,0.0,972.9,15,34
-22.0,-31.2,0.0,984.3,17,40
-20.1,-22.9,0.0,982.3,11,18
-22.9,-27.0,0.0,976.2,19,58
-26.9,-32.1,0.0,963.3,20,48
-30.7,-33.2,0.0,962.2,22,49
-26.4,-32.4,0.0,971.8,48,68
-27.4,-30.9,0.0,973.0,46,60
-20.7,-28.7,0.0,965.1,32,46
-16.4,-20.5,0.0,956.4,23,31
-18.4,-26.1,0.0,966.1,23,36
-26.1,-29.9,0.0,963.0,24,33
-29.8,-38.7,0.0,960.6,27,71
-29.4,-39.3,0.0,971.0,36,69
-24.1,-30.0,0.0,964.9,32,38
-19.3,-23.6,0.0,947.6,38,52
-16.8,-19.3,0.0,958.3,47,54
-15.8,-19.3,0.0,974.3,22,64
-16.9,-23.7,0.0,979.6,8,22
-17.5,-20.6,0.0,969.0,10,15
-20.0,-26.2,0.0,971.7,11,18
-23.3,-30.1,0.0,977.7,15,23
-29.6,-37.9,0.0,983.9,21,35
-22.2,-34.1,0.0,985.1,20,27
-22.6,-26.4,0.0,994.4,24,27
-21.9,-25.8,0.0,988.8,17,26
-22.7,-33.3,0.0,973.2,21,47
-31.5,-34.6,0.0,978.3,16,29
-27.9,-31.2,0.0,971.4,13,16
-27.1,-35.0,0.0,968.8,13,21
-34.1,-36.5,0.0,968.6,17,26
-33.9,-36.4,0.0,963.3,17,20
-30.6,-37.3,0.0,961.6,11,20
-30.2,-36.0,0.0,949.5,8,23
-31.5,-36.3,0.0,969.2,24,32
-29.9,-36.7,0.0,964.2,21,30
-22.2,-29.4,0.0,961.2,26,42
-19.8,-23.7,0.0,954.0,36,45
-19.8,-25.8,0.0,957.6,32,44
-26.2,-32.8,0.0,959.8,19,55
-29.0,-33.3,0.0,972.3,19,42
-27.0,-33.7,0.0,981.7,31,45
-27.1,-30.7,0.0,980.1,29,38
-22.6,-29.4,0.0,978.3,23,31
-21.7,-25.3,0.0,978.5,22,27
-22.0,-24.9,0.0,978.7,28,39
-21.7,-25.2,0.0,967.5,26,40
-17.0,-20.5,0.0,961.2,24,36
-17.1,-19.0,0.0,975.2,35,55
-16.2,-21.0,0.0,973.5,20,49
-10.5,-19.0,0.0,975.1,25,56
-17.2,-18.2,0.0,983.0,48,63
-14.0,-17.0,0.0,975.7,50,57
-14.5,-17.4,0.0,981.7,50,56
-15.9,-19.0,0.0,982.3,42,68
-15.7,-18.3,0.0,986.1,34,46
-15.4,-17.3,0.0,978.0,13,33
-12.9,-17.3,0.0,971.5,14,41
-13.1,-15.8,0.0,968.7,43,57
-12.8,-17.6,0.0,967.6,30,48
-15.6,-17.1,0.0,973.8,28,39
-16.6,-20.4,0.0,979.9,35,43
-19.2,-25.8,0.0,978.7,28,38
-23.1,-26.3,0.0,976.5,30,37
-23.4,-26.5,0.0,968.6,25,36
-13.6,-22.8,0.0,962.1,19,45
-12.3,-18.2,0.0,967.1,36,62
-13.2,-18.1,0.0,969.3,32,51
-15.6,-19.6,0.0,980.1,37,45
-14.6,-16.0,0.0,992.0,38,48
-13.1,-15.9,0.0,988.7,14,39
-13.3,-17.8,0.0,972.9,14,16
-16.9,-22.2,0.0,966.3,15,24
-14.7,-20.3,0.0,963.2,22,53
-14.5,-19.2,0.0,968.0,53,67
-16.3,-19.6,0.0,972.9,52,61
-17.9,-20.1,0.0,976.6,50,55
-17.3,-22.2,0.0,976.3,38,50
-17.1,-23.2,0.0,974.7,33,44
-18.1,-22.1,0.0,972.7,28,35
-19.6,-23.0,0.0,976.2,34,53
-18.1,-21.1,0.0,978.9,40,49
-17.5,-20.5,0.0,984.4,27,40
-20.0,-23.4,0.0,979.8,18,27
-17.0,-22.9,0.0,973.9,18,22
-17.0,-19.0,0.0,955.7,15,19
-17.7,-20.2,0.0,958.8,18,22
-11.0,-17.2,0.0,972.2,22,49
-9.2,-12.8,0.0,978.6,33,45
-10.1,-15.0,0.0,964.9,19,30
-12.6,-17.0,0.0,974.8,25,38
-7.4,-14.4,0.0,978.6,26,37
-7.6,-10.6,0.0,977.8,27,38
-8.3,-13.0,0.0,977.4,28,39
-10.5,-13.3,0.0,983.1,30,39
-8.8,-13.5,0.0,985.9,31,42
-9.9,-11.8,0.0,981.6,26,44
-7.2,-12.4,0.0,979.5,39,51
-5.8,-7.7,0.0,970.8,32,39
-6.6,-14.2,0.0,962.2,33,38
-8.1,-12.0,0.0,958.8,28,52
-6.0,-8.1,0.0,963.4,50,62
-5.2,-7.7,0.0,973.4,56,60
-5.3,-9.1,0.0,979.6,49,65
-6.4,-9.6,0.0,979.1,35,49
-4.2,-6.7,0.0,975.3,31,35
-2.7,-6.7,0.0,968.9,26,31
-4.8,-8.0,0.0,967.5,27,35
-5.7,-8.4,0.0,965.4,28,34
-4.8,-8.3,0.0,962.1,27,33
-4.9,-7.9,0.0,970.9,29,43
-6.1,-8.9,0.0,974.6,26,44
-5.6,-7.9,0.0,973.2,25,27
-4.5,-7.6,0.0,975.8,27,32
-1.3,-3.9,0.0,974.1,21,31
-1.0,-5.6,0.0,978.0,23,43
-3.7,-7.0,0.0,978.2,36,47
-1.9,-6.1,0.0,970.8,26,50
-1.7,-4.5,0.0,976.6,50,70
-2.8,-5.2,0.0,989.4,54,70
-2.6,-5.3,0.0,994.6,58,70
-2.7,-4.8,0.0,999.8,50,75
-1.7,-5.0,0.0,999.1,25,59
-0.6,-3.4,0.0,997.6,14,24
0.9,-1.2,0.0,994.3,15,19
0.6,-3.2,0.0,985.2,17,20
-3.0,-6.5,0.0,974.4,19,35
-3.9,-7.9,0.0,967.3,31,65
-5.3,-7.6,0.0,968.7,37,68
-4.8,-8.2,0.0,971.2,45,61
-5.0,-7.8,0.0,977.8,45,64
-4.7,-7.9,0.0,980.0,39,65
-4.8,-7.3,0.0,983.1,55,75
-5.1,-8.2,0.0,993.6,73,83
-6.4,-9.0,0.0,992.9,43,82
-6.2,-9.1,0.0,982.5,38,50
-6.2,-8.8,0.0,984.3,49,66
-6.6,-9.6,0.0,984.5,45,65
-6.0,-8.0,0.0,976.4,27,51
-5.6,-7.1,0.0,974.0,22,28
-5.5,-9.5,0.0,983.1,23,37
-7.4,-10.7,0.0,985.0,33,40
-7.2,-9.9,0.0,976.7,29,36
-5.7,-9.5,0.0,974.7,33,41
-2.5,-5.0,0.0,974.2,40,51
-2.2,-4.7,0.0,976.1,49,71
-3.6,-7.0,0.0,977.6,63,84
-4.8,-8.0,0.0,975.7,47,72
-4.9,-7.7,0.0,977.4,49,73
-6.1,-9.3,0.0,979.6,44,59
-5.9,-9.0,0.0,982.7,41,51
-2.4,-5.6,0.0,984.6,41,51
-1.4,-3.1,0.0,989.5,27,55
-1.3,-2.3,0.0,986.0,22,30
-1.0,-3.8,0.0,978.5,21,24
-2.5,-4.9,0.0,974.6,22,25
-2.3,-4.8,0.0,975.1,24,28
-1.0,-4.4,0.0,973.7,26,31
0.6,-0.5,0.0,972.3,28,58
0.9,-1.9,0.0,972.2,37,67
-0.5,-2.3,0.0,970.8,43,55
0.4,-2.8,0.0,973.7,42,63
-0.9,-2.5,0.0,978.1,42,48
-0.4,-2.8,0.0,974.9,19,45
-1.2,-3.1,0.0,964.8,15,20
-2.6,-7.2,0.0,966.8,19,31
-3.7,-5.5,0.0,975.2,28,44
-3.9,-6.0,0.0,980.0,47,66
-3.1,-5.9,0.0,977.4,55,59
-3.1,-5.2,0.0,977.7,56,62
-3.4,-5.0,0.0,976.6,43,64
-2.7,-6.0,0.0,967.9,30,48
-4.6,-7.1,0.0,963.8,32,50
-3.5,-8.6,0.0,961.1,27,46
-5.8,-8.9,0.0,962.4,21,33
-1.7,-7.3,0.0,970.9,33,46
-0.7,-6.0,0.0,974.4,19,40
-6.1,-10.2,0.0,972.6,19,29
-8.0,-11.9,0.0,974.9,30,42
-8.6,-11.7,0.0,976.4,42,47
-8.2,-11.0,0.0,974.5,43,57
-7.5,-10.5,0.0,974.8,56,67
-7.9,-11.4,0.0,976.8,56,62
-9.5,-10.8,0.0,975.9,52,60
-8.7,-14.5,0.0,982.0,47,58
-10.1,-12.6,0.0,988.0,28,69
-9.4,-11.6,0.0,987.5,20,29
-10.4,-13.3,0.0,983.3,17,24
-11.6,-15.4,0.0,978.0,18,22
-12.6,-16.2,0.0,972.7,21,29
-15.1,-20.0,0.0,966.6,22,27
-18.4,-21.8,0.0,967.7,27,41
-17.0,-19.5,0.0,977.1,42,45
-16.2,-19.1,0.0,988.1,30,45
-14.3,-17.1,0.0,983.1,29,36
-7.8,-13.5,0.0,976.2,25,43
-8.0,-10.9,1.7,979.9,44,76
-9.2,-13.0,0.0,976.1,36,62
-11.8,-14.9,0.0,976.5,33,51
-12.7,-16.8,0.0,992.8,36,52
-14.1,-15.8,0.0,992.9,27,35
-14.5,-16.4,0.0,989.4,28,57
-14.2,-17.9,0.0,985.1,27,60
-13.8,-17.5,0.0,979.1,21,29
-16.0,-18.0,0.0,969.2,29,32
-16.3,-19.9,0.0,966.8,28,32
-17.4,-20.9,0.0,973.1,31,42
-17.0,-19.1,0.0,972.3,32,38
-16.7,-20.0,0.0,967.9,35,40
-17.5,-21.0,0.0,973.0,40,52
-17.9,-20.1,0.0,979.2,35,42
-17.2,-18.9,0.0,979.3,26,35
-16.5,-19.2,0.0,973.0,23,39
-16.1,-19.0,0.0,973.7,40,51
-18.2,-25.4,0.0,975.3,45,58
-20.2,-23.6,0.0,976.3,41,45
-19.0,-24.5,0.0,977.8,34,41
-23.4,-26.0,0.0,977.3,36,42
-24.0,-25.9,0.0,983.2,37,44
-19.8,-25.6,0.2,988.5,37,54
-17.7,-19.4,0.0,986.2,21,50
-18.8,-25.5,0.0,970.1,15,21
-25.3,-26.9,0.0,962.0,20,22
-20.1,-26.8,0.0,963.2,21,25
-17.2,-19.8,0.0,967.2,25,33
-13.5,-16.8,0.0,971.9,28,34
-15.4,-19.1,0.0,974.7,27,31
-18.0,-22.9,0.0,972.4,26,31
-21.6,-24.4,0.0,972.4,26,45
-20.8,-24.4,0.0,977.0,34,45
-19.2,-20.8,0.0,981.8,32,38
-18.8,-22.9,0.0,980.5,27,31
-21.6,-24.0,0.0,976.9,24,28
-23.0,-29.7,0.0,991.5,26,46
-27.9,-29.8,0.0,992.7,26,37
-29.3,-32.4,0.0,985.3,27,35
-30.9,-33.9,0.0,986.0,33,39
-30.3,-33.8,0.0,978.8,31,51
-28.2,-34.2,0.0,972.7,35,67
-30.0,-32.4,0.0,959.2,33,51
-29.5,-31.2,0.0,959.5,29,36
-29.7,-33.7,0.0,969.2,30,54
-24.3,-35.0,0.0,974.7,35,65
-24.7,-32.1,0.0,968.4,30,38
-29.9,-35.2,0.0,964.2,28,67
-28.4,-31.8,0.0,972.7,31,47
-28.9,-31.4,0.0,978.5,26,49
-27.8,-31.9,0.0,981.3,20,26
-31.3,-36.4,0.0,983.8,27,73
-30.2,-35.4,0.0,982.3,54,73
-14.2,-30.9,0.0,975.6,29,57
-10.1,-14.0,0.0,979.3,43,44
-9.2,-11.6,0.0,988.1,38,44
-10.9,-17.2,0.0,994.7,42,46
-16.7,-22.2,0.0,995.1,42,50
-20.9,-23.9,0.0,988.1,40,50
-20.0,-21.9,0.0,986.6,37,56
-21.0,-25.7,0.0,988.8,47,58
-18.7,-23.6,0.0,977.9,43,54
-19.4,-23.1,0.0,981.8,53,68
-23.5,-31.5,0.0,980.8,44,63
-29.2,-34.0,0.0,984.6,18,49
-31.4,-36.8,0.0,994.0,18,36
-36.3,-38.3,0.0,996.5,31,38
-28.5,-36.8,0.0,993.1,24,38
-20.7,-28.6,0.0,991.7,14,24
-19.8,-25.6,0.0,988.6,13,27
-19.6,-24.7,0.0,967.2,14,28
-20.4,-26.2,0.0,974.6,16,57
-22.6,-27.5,0.0,978.7,31,50
-20.0,-23.2,0.0,969.9,31,65
-21.1,-23.6,0.0,989.9,57,65
-23.1,-26.4,0.0,989.5,50,67
-23.0,-27.4,0.0,984.2,42,64
-22.4,-24.0,0.0,985.3,32,41
-22.2,-25.0,0.0,987.8,36,67
-20.8,-27.2,0.0,980.7,30,70
-21.0,-24.4,0.0,983.2,24,44
-24.3,-26.6,0.0,990.5,39,44
-25.6,-27.7,0.0,990.9,23,40
-25.7,-28.6,0.0,985.1,22,28
-23.6,-29.7,0.0,977.0,24,30
-17.0,-21.7,0.0,969.3,29,54
-20.5,-25.1,0.0,973.9,27,55
-19.6,-22.8,0.0,973.9,23,28
-12.7,-22.8,0.0,973.2,11,25
-16.3,-23.7,0.0,973.7,12,19
-17.1,-22.9,0.0,972.1,16,20
-13.3,-16.8,0.0,974.6,10,19
-13.7,-23.2,0.0,973.2,10,29
-23.2,-28.6,0.0,966.7,28,45
-24.2,-29.5,0.0,970.8,22,41
-23.6,-30.8,0.0,979.0,38,67
-23.8,-28.3,0.0,963.8,19,36
-21.7,-24.1,0.0,967.0,21,33
-22.1,-24.7,0.0,970.9,31,45
-19.6,-23.1,0.0,957.5,31,38
-18.4,-20.3,0.0,956.4,35,44
-20.9,-26.4,0.0,967.3,19,42
-23.3,-27.0,0.0,977.7,21,37
-23.8,-28.7,0.0,969.8,14,23
-29.3,-36.7,0.0,975.7,19,48
-30.7,-33.0,0.0,975.4,40,53
-30.6,-33.0,0.0,967.1,30,46
-32.2,-37.3,0.0,968.2,27,49
-30.1,-36.9,0.0,978.6,48,73
-30.0,-33.1,0.0,984.0,38,50
-29.9,-32.1,0.0,973.4,34,56
-31.0,-38.7,0.0,971.3,54,72
-31.7,-36.8,0.0,980.8,53,70
-25.6,-34.0,0.0,981.5,42,71
-21.1,-24.5,0.0,970.1,29,38
-18.7,-25.7,0.0,964.7,30,69
-20.0,-25.2,0.0,971.7,48,61
-17.8,-22.4,0.0,981.8,42,62
-21.1,-25.7,0.0,994.1,20,45
-17.7,-20.7,0.0,992.7,20,29
-17.7,-20.7,1.5,984.5,30,79
-21.2,-27.1,0.0,971.6,30,79
-23.7,-25.4,0.0,959.1,32,37
-23.6,-28.7,0.0,960.9,38,53
-24.5,-27.5,0.0,970.6,35,46
-24.9,-28.4,0.0,971.1,37,41
-27.0,-31.9,0.0,973.0,27,46
-28.2,-31.8,0.0,978.1,27,41
-31.3,-36.6,0.0,978.9,37,50
-34.3,-37.2,0.0,977.7,28,46
-32.0,-35.9,0.0,974.3,16,25
-31.6,-34.1,0.0,978.2,14,19
-31.9,-37.5,0.0,972.0,16,33
-26.5,-34.5,0.0,971.1,25,65
-25.5,-27.9,0.0,978.4,47,72
-26.5,-34.5,0.0,979.2,41,72
-17.4,-33.5,0.0,982.1,29,74
-13.9,-16.8,0.0,981.6,29,49
-14.6,-23.7,0.0,983.6,14,40
-23.3,-29.3,0.0,982.0,12,22
-24.9,-30.1,0.0,982.7,23,40
-23.5,-27.3,0.0,991.0,23,39
-21.9,-27.6,0.0,983.9,31,45
-21.2,-24.1,0.0,977.3,15,32
-22.7,-26.7,0.0,977.3,20,28
-24.0,-28.7,0.0,982.3,15,34
-24.7,-31.3,0.0,982.2,17,25
-30.6,-34.5,0.0,982.6,25,29
-34.5,-39.3,0.0,982.1,25,34
-35.0,-37.5,0.0,984.1,30,34
-29.4,-35.1,0.0,986.2,30,34
-26.4,-29.4,0.0,988.1,20,35
-24.9,-33.3,0.0,989.0,16,29
-25.4,-31.5,0.0,986.1,15,30
-30.5,-38.0,0.0,989.3,18,34
-35.2,-39.1,0.0,994.9,21,30
-27.8,-34.5,0.0,995.5,11,21
-26.6,-32.2,0.0,1000.7,11,18
-16.9,-25.5,0.0,987.7,11,19
-15.1,-23.3,0.0,991.5,8,18
-23.6,-31.0,0.0,1002.5,19,27
-26.4,-30.0,0.0,997.1,15,23
-29.5,-32.1,0.0,992.9,26,39
-30.9,-35.4,0.0,999.2,27,33
-35.2,-37.3,0.0,998.8,26,46
-30.8,-35.5,0.0,988.8,29,44
-26.0,-33.1,0.0,984.6,29,47
-30.0,-35.1,0.0,988.4,43,65
-28.9,-36.6,0.0,987.4,41,69
-25.2,-37.1,0.0,987.4,47,75
-13.4,-27.0,0.0,979.7,48,66
-13.6,-19.1,0.0,995.8,46,58
-19.3,-27.2,0.0,998.6,50,74
-24.6,-30.2,0.0,991.3,46,77
-24.5,-28.7,0.0,982.3,39,56
-17.2,-24.1,0.0,981.3,32,38
-13.1,-17.0,0.0,973.0,32,49
-13.6,-15.5,0.0,978.8,34,51
-15.1,-24.5,0.0,990.2,34,52
-22.7,-25.7,0.0,987.6,26,35
-25.6,-27.8,0.0,987.6,32,38
-23.2,-31.0,0.0,984.0,34,52
-23.7,-29.9,0.0,975.8,43,60
-27.8,-32.6,0.0,972.3,50,75
-20.9,-28.9,0.0,968.1,36,50
-21.0,-23.1,0.0,957.9,32,40
-22.1,-27.1,0.0,958.2,25,32
-20.4,-27.1,0.0,976.4,33,57
-19.4,-21.2,0.0,975.9,38,52
-21.6,-27.9,0.0,964.6,21,39
-28.1,-32.0,0.0,963.6,19,21
-26.6,-30.0,0.0,966.0,16,21
-24.5,-28.8,0.0,962.2,11,16
-28.7,-33.1,0.0,965.5,15,19
-33.1,-36.6,0.0,965.7,19,27
-24.2,-37.4,0.0,960.3,11,22
-24.4,-34.2,0.0,960.5,12,19
-32.0,-35.6,0.0,958.9,17,35
-30.8,-33.9,0.0,948.9,35,60
-32.5,-36.1,0.0,957.8,49,68
-34.3,-39.2,0.0,958.9,44,70
-33.1,-40.0,0.0,949.6,40,58
-24.0,-35.9,0.0,944.0,32,56
-21.5,-25.1,0.0,964.1,48,58
-21.3,-25.6,0.0,972.9,46,59
-20.1,-26.5,0.0,972.9,37,46
-25.1,-30.8,0.0,976.6,35,57
-26.8,-29.9,0.0,972.2,41,51
-19.3,-29.7,0.0,977.2,38,47
-18.7,-24.5,0.0,981.1,40,49
-20.0,-23.4,0.5,972.7,35,52
-19.8,-23.4,0.0,969.8,28,42
-23.7,-27.6,0.0,970.5,29,34
-21.5,-30.0,0.0,978.0,28,44
-17.5,-20.8,0.0,983.1,21,30
-17.4,-21.1,0.0,982.0,20,32
-15.7,-19.0,0.0,989.6,18,21
-18.5,-22.8,0.0,984.5,19,29
-20.5,-21.9,0.0,976.8,18,26
-16.6,-21.7,0.0,975.7,18,36
-16.4,-21.4,0.0,981.7,25,37
-17.0,-22.2,0.0,987.1,26,35
-22.3,-26.4,0.0,987.0,22,30
-22.7,-26.7,0.0,982.9,17,33
-21.3,-26.4,0.0,980.6,25,33
-19.0,-25.6,0.0,977.2,31,48
-15.7,-23.7,0.0,978.8,41,68
-23.4,-26.2,0.0,982.0,40,64
-19.5,-29.6,0.0,981.2,18,40
-16.5,-19.6,0.0,984.5,17,29
-16.5,-18.6,0.0,989.1,27,43
-17.6,-20.8,0.0,978.3,16,26
-20.0,-24.9,0.0,973.5,16,20
-23.1,-25.4,0.0,972.6,20,32
-20.2,-27.5,0.0,975.0,27,59
-20.4,-25.3,0.0,963.6,34,49
-17.8,-19.9,0.0,957.7,34,60
-17.1,-20.3,0.0,962.8,38,57
-18.1,-22.6,0.0,970.2,36,52
-21.0,-23.6,0.0,973.7,45,53
-20.5,-24.3,0.0,971.1,22,45
-20.1,-23.2,0.0,969.3,21,27
-18.7,-20.3,0.0,961.6,19,22
-12.2,-19.9,0.0,966.9,19,32
-11.5,-17.0,0.0,975.1,32,44
-14.4,-19.5,0.0,976.0,32,38
-18.2,-22.7,0.0,974.9,34,42
-18.2,-21.0,0.0,975.1,25,38
-19.0,-22.5,0.0,972.8,26,32
-19.1,-21.9,0.0,975.2,26,32
-16.1,-20.3,0.0,981.7,32,37
-13.1,-16.8,0.0,996.2,25,36
-11.1,-15.6,0.0,996.9,18,28
-10.7,-14.6,0.0,986.1,18,22
-12.4,-14.6,0.0,990.5,18,25
-7.7,-13.5,0.0,994.6,20,25
-3.3,-7.4,0.0,992.0,15,20
-3.2,-7.6,0.0,987.4,16,23
-5.6,-8.2,0.0,985.3,10,20
-6.1,-12.5,0.0,980.7,11,19
-11.2,-16.0,0.0,991.2,20,29
-13.5,-16.3,0.0,995.1,29,33
-12.9,-15.5,0.0,1000.3,30,32
-12.5,-14.7,0.0,994.3,32,35
-12.3,-15.3,0.0,994.4,33,36
-12.3,-14.9,0.0,992.9,34,41
-7.4,-12.8,0.0,988.0,33,38
-7.4,-10.5,0.0,982.8,39,70
-7.2,-11.3,0.2,983.0,59,89
-2.7,-6.8,0.0,975.0,31,56
-2.5,-4.9,1.3,975.5,48,75
-4.6,-6.3,0.0,982.3,46,75
-4.9,-7.5,0.0,979.4,21,47
-6.4,-10.2,0.0,977.9,22,32
-8.7,-12.5,0.0,980.6,30,38
-10.1,-13.3,0.0,985.0,33,36
-9.3,-12.3,0.0,988.2,28,35
-6.9,-9.3,0.0,987.6,18,28
-6.4,-10.3,0.0,984.8,19,24
-6.8,-8.3,0.0,980.9,16,20
-6.8,-11.3,0.0,981.5,18,27
-7.9,-12.4,0.0,989.8,28,35
-6.4,-9.6,0.0,987.7,27,34
-7.5,-11.5,0.0,983.5,29,37
-3.0,-9.3,0.0,976.6,28,39
-1.8,-6.2,0.1,975.2,42,76
-5.7,-8.3,0.0,982.7,74,85
-7.0,-9.6,0.0,982.9,67,84
-5.8,-8.7,0.0,983.8,46,72
-4.7,-8.0,0.0,983.5,34,50
-2.2,-4.3,0.0,981.4,34,35
-1.3,-3.7,0.0,982.5,23,36
-2.3,-5.4,0.0,988.3,30,47
-3.2,-5.8,0.0,990.7,21,49
-2.7,-4.9,0.0,985.8,18,23
-3.6,-5.4,0.0,985.2,23,46
-2.3,-4.9,0.0,990.8,41,56
-2.0,-5.0,0.0,989.5,29,48
-1.8,-4.5,0.0,987.1,30,35
-2.2,-4.6,0.0,986.8,35,40
-1.2,-3.4,0.0,984.9,38,42
-1.3,-3.6,0.0,984.2,40,50
-2.1,-4.9,0.0,986.7,51,67
-3.2,-5.0,0.0,987.1,44,74
-2.2,-3.5,0.0,982.8,37,44
-1.3,-4.5,0.0,980.9,43,70
-0.8,-3.0,0.0,981.5,69,80
-0.4,-3.5,0.0,978.9,72,83
-2.2,-4.9,0.0,977.4,57,87
-2.5,-5.0,0.0,982.1,57,71
-3.5,-6.6,0.0,985.5,56,71
-3.8,-6.0,0.0,985.0,24,71
-2.9,-5.5,0.0,978.5,26,63
-0.1,-2.9,0.6,965.9,20,72
-0.6,-1.7,2.0,979.4,74,97
-0.9,-3.8,0.4,994.4,67,91
-1.1,-4.5,0.0,985.9,41,75
-1.8,-5.2,0.0,985.2,32,85
-3.7,-5.7,0.0,989.6,34,81
-2.0,-4.3,0.0,988.1,31,73
-0.6,-4.7,0.0,988.8,24,57
-1.1,-4.2,0.0,990.7,23,64
-2.4,-4.8,0.0,992.7,54,85
-1.6,-3.0,0.0,993.8,32,79
-1.3,-4.2,0.3,997.2,54,81
-0.8,-4.6,0.0,991.8,31,63
-2.5,-4.6,0.0,991.2,26,82
-1.9,-4.2,0.0,995.3,43,74
-3.6,-6.7,0.0,994.0,25,74
-4.8,-8.9,0.0,993.9,21,41
-3.7,-8.9,0.0,995.7,19,51
-1.3,-8.2,0.0,987.5,29,90
-3.3,-8.5,0.0,976.5,31,59
-4.7,-7.0,0.5,980.9,23,64
-2.4,-6.8,0.9,994.0,40,90
-5.5,-7.3,0.0,994.6,48,73
-4.6,-6.4,0.0,994.0,18,64
-4.0,-8.6,0.0,993.7,21,70
-8.3,-10.7,0.0,989.3,51,73
-7.2,-10.8,0.0,979.1,20,79
-5.3,-8.5,0.0,984.2,19,36
-6.7,-9.9,0.0,992.8,30,72
-7.4,-10.7,0.0,991.3,24,65
-7.8,-9.6,0.0,984.1,22,26
-6.8,-9.1,0.0,984.3,18,30
-2.4,-8.1,0.0,984.4,22,47
-1.2,-8.1,0.0,982.0,31,47
-4.3,-6.9,0.0,979.2,23,50
-3.3,-9.9,0.0,990.3,29,89
-2.4,-6.2,0.0,991.3,41,84
-4.4,-10.1,0.0,986.8,16,49
-8.8,-12.9,0.0,988.3,22,51
-8.3,-11.2,0.0,984.9,12,45
-8.5,-11.1,0.0,983.6,14,23
-9.6,-12.2,0.0,988.5,18,41
-9.3,-13.7,0.0,986.2,16,34
-10.6,-13.0,0.0,978.6,16,36
-9.6,-11.2,0.0,978.6,14,20
-10.4,-12.7,0.0,983.2,15,29
-10.9,-13.4,0.0,980.5,15,16
-11.7,-13.5,0.0,980.8,15,20
-10.7,-13.1,0.0,977.5,13,32
-12.5,-17.1,0.0,982.4,14,41
-13.8,-19.8,0.0,992.5,15,29
-10.6,-17.6,0.0,997.6,15,29
-10.1,-13.0,0.0,986.3,16,22
-10.9,-14.0,0.0,980.5,18,22
-13.0,-17.3,0.0,981.1,18,27
-14.7,-19.4,0.0,979.2,18,30
-11.1,-16.1,0.0,993.2,22,85
-13.2,-15.8,0.0,1001.8,29,50
-11.9,-16.1,0.0,996.7,16,33
-15.1,-18.6,0.3,993.3,19,51
-15.9,-19.2,0.0,992.7,24,30
-14.3,-16.4,0.0,1001.6,18,24
-14.1,-17.6,0.0,997.2,15,24
-12.9,-17.8,0.0,991.3,14,28
-11.5,-17.9,0.0,985.8,18,29
-12.8,-18.1,0.0,979.6,15,20
-16.6,-18.1,0.0,981.4,16,27
-15.4,-16.9,0.0,986.1,31,46
-15.0,-17.5,0.9,985.3,43,53
-14.5,-17.8,1.8,985.3,32,48
-13.1,-16.0,0.4,985.7,24,45
-14.8,-16.5,0.0,984.2,22,37
-15.6,-26.4,0.0,981.6,14,24
-17.7,-22.6,0.3,979.5,14,32
-13.1,-17.9,0.0,976.4,25,37
-13.0,-21.1,0.0,978.9,12,40
-10.8,-17.3,0.0,978.2,11,40
-10.4,-12.6,0.1,977.6,37,81
-11.0,-14.5,0.0,978.0,17,29
-9.7,-12.8,0.5,978.0,21,91
-11.3,-13.7,0.0,980.9,33,90
-13.9,-16.9,0.0,983.4,33,40
-15.1,-23.0,0.0,984.1,36,59
-18.1,-24.4,0.0,980.5,19,53
-21.7,-25.1,0.0,978.8,14,34
-19.7,-21.8,0.0,978.8,14,20
-18.6,-23.6,0.0,978.8,11,19
-23.7,-25.9,0.0,980.3,9,24
-26.1,-28.5,0.0,983.2,12,29
-29.6,-32.6,0.0,980.6,20,27
-23.9,-33.4,0.0,976.0,12,25
-20.0,-30.2,0.3,973.8,11,27
-17.2,-22.5,1.0,986.4,20,39
-16.1,-21.9,0.0,979.9,16,24
-19.4,-24.4,0.0,976.0,11,26
-18.6,-23.2,0.0,974.8,26,31
-17.5,-20.4,0.0,971.0,28,34
-16.2,-18.3,0.0,966.0,22,33
-16.5,-21.7,0.0,964.9,21,27
-17.3,-26.0,0.0,970.2,21,30
-22.0,-26.4,0.0,976.0,17,28
-20.4,-27.6,0.0,976.6,17,32
-18.4,-23.9,0.0,979.9,21,36
-21.5,-23.8,0.0,987.5,26,41
-22.9,-24.8,0.0,989.7,24,54
-23.8,-27.6,0.0,981.7,14,22
-24.6,-30.8,0.0,976.7,21,26
-19.8,-26.7,0.0,974.6,17,29
-20.1,-31.3,0.0,979.0,20,32
-19.4,-25.4,0.0,972.1,20,28
-20.1,-23.5,0.0,972.5,26,30
-15.0,-19.2,0.0,977.0,27,38
-17.3,-21.2,0.0,976.6,31,38
-18.4,-20.7,0.0,977.7,22,34
-12.9,-20.2,0.0,984.2,26,35
-11.1,-15.7,0.0,990.2,25,32
-12.7,-16.2,0.0,992.0,20,31
-13.6,-21.8,0.0,988.3,9,27
-18.6,-26.7,0.0,980.5,8,16
-14.2,-24.6,0.0,971.8,10,28
-14.6,-22.7,0.0,963.2,22,35
-11.5,-17.5,0.0,965.3,23,37
-13.2,-27.6,0.0,968.9,21,37
-20.4,-25.2,0.0,969.4,15,26
-22.7,-27.5,0.0,974.6,21,36
-19.3,-25.8,0.0,973.7,16,34
-23.8,-29.8,0.0,970.7,16,24
-19.5,-24.6,0.0,973.7,17,36
-18.6,-21.2,0.0,971.4,12,35
-21.0,-24.8,0.0,966.7,11,13
-18.4,-24.6,0.0,967.4,16,32
-16.0,-22.2,3.4,962.5,21,94
-9.8,-20.8,0.2,968.8,32,91
-8.9,-13.6,1.9,964.6,31,82
-9.6,-11.8,1.3,977.7,25,77
-11.9,-14.3,0.0,986.9,8,51
-14.4,-18.0,0.0,982.0,8,32
-14.7,-20.4,0.3,973.9,8,88
-18.8,-21.4,0.1,973.3,18,85
-13.5,-20.7,0.0,968.5,8,18
-13.1,-15.7,0.0,972.0,21,86
-13.4,-21.6,0.0,985.9,17,59
-17.8,-22.4,0.0,994.1,15,31
-18.2,-19.8,0.0,987.8,30,56
-20.5,-21.4,0.0,976.0,24,33
-19.0,-22.2,0.0,974.8,24,39
-16.5,-19.3,0.0,974.7,30,48
-16.9,-19.2,0.0,974.8,29,58
-16.3,-22.3,0.0,968.8,17,37
-10.8,-19.3,0.0,972.1,23,73
-15.7,-22.4,0.5,979.5,23,90
-15.0,-18.8,0.0,972.2,18,23
-10.8,-14.8,0.0,971.7,23,29
-12.1,-14.3,0.0,974.1,23,76
-13.7,-17.7,0.0,979.2,19,89
-16.5,-21.6,0.0,981.2,17,29
-18.7,-20.5,0.0,980.6,20,54
-18.2,-21.7,0.0,979.5,17,41
-19.3,-22.7,0.1,981.5,18,80
-19.5,-25.0,0.8,987.3,21,81
-16.5,-19.2,0.0,981.0,18,60
-19.2,-22.2,0.9,976.9,15,80
-20.3,-24.8,0.0,968.8,20,23
-16.8,-19.9,0.4,963.8,22,49
-17.5,-23.5,0.0,963.5,19,54
-20.2,-29.6,0.0,968.8,12,19
-27.2,-31.9,0.0,973.6,14,20
-28.0,-30.2,0.0,979.1,9,22
-31.0,-32.8,0.0,981.6,7,17
-27.5,-33.4,0.0,990.7,4,10
-25.5,-28.4,0.0,978.3,11,15
-26.8,-28.4,0.0,980.5,13,24
-26.2,-29.6,0.4,987.3,17,31
-27.0,-30.7,0.0,979.6,16,41
-25.4,-29.7,0.0,974.5,9,58
-30.1,-32.0,0.0,982.4,11,14
-33.5,-35.4,0.0,986.4,11,15
-29.6,-34.9,0.0,991.8,10,17
-21.8,-32.1,0.0,989.8,15,21
-14.8,-24.9,0.0,982.2,12,20
-13.6,-25.6,0.0,977.8,10,85
-25.5,-30.9,0.0,980.5,16,78
-24.5,-32.3,0.0,974.8,14,22
-24.9,-30.6,0.0,972.1,15,33
-21.8,-26.6,0.0,968.0,16,22
-19.1,-23.9,0.0,967.6,21,90
-20.5,-27.2,0.0,968.9,15,38
-24.3,-27.5,0.0,972.5,15,21
-25.7,-29.8,0.0,986.7,20,37
-24.8,-31.4,1.7,987.4,27,87
-29.2,-32.5,0.0,973.6,8,67
-29.5,-41.3,0.0,965.4,9,49
-27.9,-37.2,0.0,971.6,11,31
-23.5,-32.6,0.0,980.3,10,16
-25.3,-29.0,0.0,983.9,14,25
-25.0,-26.7,0.0,979.2,10,16
-21.7,-26.5,0.0,968.2,7,14
-22.4,-27.0,0.0,964.9,12,19
-19.6,-28.0,0.0,972.4,17,90
-16.2,-21.2,0.0,968.5,10,33
-13.8,-28.9,1.0,981.7,20,79
-19.2,-23.5,0.6,997.2,24,83
-19.1,-21.5,0.0,993.7,31,81
-21.6,-23.0,0.0,986.7,21,52
-18.8,-23.4,0.0,978.0,19,49
-14.4,-19.4,0.0,969.9,14,28
-14.8,-21.6,0.0,970.6,14,27
-20.3,-23.8,0.0,966.4,14,25
-23.9,-26.9,0.0,974.5,15,27
-27.2,-28.4,0.0,977.7,18,22
-25.3,-28.2,0.0,973.6,11,17
-24.2,-25.5,0.0,973.1,9,16
-26.4,-29.2,0.0,974.0,11,19
-17.5,-29.5,0.0,976.9,10,20
-19.2,-24.7,0.0,979.5,14,45
-23.2,-29.4,0.0,981.0,12,22
-21.0,-24.9,0.0,983.9,12,16
-15.7,-25.5,0.0,967.6,8,36
-17.3,-25.4,0.9,968.0,14,78
-25.2,-27.3,0.0,973.5,12,72
-26.5,-28.6,0.0,969.9,11,17
-24.3,-29.1,0.0,974.2,16,27
-22.0,-26.5,0.1,969.2,23,90
-13.1,-24.2,0.0,962.5,14,32
-12.6,-16.6,0.0,966.7,16,67
-14.7,-22.0,0.0,974.8,23,38
-16.1,-19.1,1.9,989.5,36,61
-14.7,-20.3,3.2,995.7,41,64
-13.9,-25.5,4.6,982.1,29,89
-18.0,-23.2,0.3,978.5,20,78
-11.1,-21.1,0.5,956.9,25,39
-12.5,-17.4,2.0,954.2,36,88
-12.7,-16.5,0.0,963.0,20,27
-15.3,-25.9,0.0,971.5,19,33
-18.2,-25.3,0.0,969.7,13,30
-18.4,-22.2,0.0,965.3,12,16
-22.3,-27.3,0.0,962.1,12,18
-25.8,-29.5,0.0,961.4,12,18
-29.0,-30.8,0.0,970.7,17,22
-28.0,-30.7,0.0,972.2,14,18
-27.0,-34.4,0.0,970.6,15,28
-20.3,-36.0,0.0,957.4,14,30
-18.6,-31.1,0.0,963.0,13,29
-19.0,-30.9,0.0,977.4,15,27
-19.7,-29.5,0.0,983.2,14,23
-22.5,-27.0,0.0,976.3,10,16
-22.2,-26.7,0.0,984.3,13,19
-18.4,-25.1,0.0,986.3,9,14
-17.3,-23.0,0.0,979.7,10,17
-18.7,-20.1,0.0,978.6,11,15
-20.3,-24.0,0.0,979.1,10,16
-18.9,-22.8,2.2,972.6,13,82
-20.6,-26.2,0.0,975.7,17,55
-20.6,-27.0,0.0,979.5,11,28
-21.2,-23.1,0.0,977.5,9,26
-24.2,-28.5,0.0,985.6,16,74
-27.6,-29.3,0.0,984.8,22,81
-28.0,-30.1,0.0,985.3,21,75
-25.9,-31.4,0.0,977.3,16,42
-21.3,-26.0,0.0,976.2,33,85
-25.9,-27.3,0.0,969.2,18,87
-27.7,-30.2,0.0,969.4,12,27
-27.4,-31.4,0.0,967.7,15,64
-28.1,-30.6,0.0,960.4,9,18
-28.2,-31.1,0.0,961.1,9,16
-27.4,-29.5,0.0,966.8,10,21
-25.4,-30.3,0.0,971.3,17,34
-22.6,-27.0,0.0,967.1,11,17
-23.9,-27.3,0.0,971.9,12,13
-22.5,-24.9,0.0,978.2,11,55
-18.6,-26.2,0.0,965.3,12,73
-19.4,-25.9,0.4,967.3,22,77
-16.7,-25.9,4.2,985.5,33,76
-12.8,-20.8,4.4,981.3,33,61
-9.7,-15.1,0.0,985.9,36,73
-10.8,-12.5,0.0,984.6,13,66
-9.1,-14.8,0.0,982.0,12,25
-10.3,-18.2,1.7,983.7,22,86
-10.6,-12.3,0.0,978.0,16,77
-10.6,-19.6,0.0,974.0,14,57
-11.7,-16.6,0.0,973.2,18,94
-13.8,-15.8,0.3,976.1,25,58
-15.4,-18.1,0.0,982.2,19,82
-15.4,-19.5,0.0,979.8,14,20
-17.6,-20.8,0.0,982.0,24,68
-20.6,-24.2,0.0,982.1,30,88
-21.9,-23.3,0.0,979.0,16,90
-21.4,-22.9,0.0,977.0,15,22
-17.5,-23.1,0.0,967.1,13,20
-13.8,-17.5,0.5,969.0,18,91
-11.2,-13.7,0.0,979.9,25,91
-10.1,-16.4,0.0,980.8,21,39
-10.1,-14.0,0.0,981.8,22,43
-10.0,-16.9,0.0,983.8,19,36
-13.4,-18.6,0.0,978.0,18,28
-12.8,-19.3,0.0,969.7,23,41
-10.5,-13.6,0.2,969.5,22,88
-10.5,-13.0,0.0,972.7,25,71
-12.1,-16.5,0.0,968.2,17,29
-9.4,-13.6,0.0,974.6,20,86
-11.0,-18.2,0.0,984.7,19,33
-12.0,-15.6,0.0,988.1,17,64
-12.5,-15.0,0.0,985.9,20,72
-12.6,-14.1,0.0,982.8,21,62
-13.1,-15.4,0.0,987.7,35,75
-15.1,-17.1,0.0,983.8,25,80
-15.7,-18.1,0.0,975.0,19,29
-14.0,-16.7,0.0,978.7,23,30
-13.3,-17.2,0.0,979.2,26,44
-16.1,-17.5,0.0,967.1,29,53
-11.8,-18.1,0.0,966.5,18,84
-10.6,-19.0,0.0,966.2,20,83
-10.3,-13.7,0.0,964.1,23,70
-13.4,-17.2,0.9,965.6,31,85
-15.9,-19.5,0.6,968.2,40,79
-9.6,-17.1,0.0,966.2,14,47
-7.0,-9.6,0.0,966.1,20,37
-7.1,-9.8,0.0,966.2,28,85
-10.1,-11.5,0.3,970.4,27,92
-7.0,-11.4,0.0,968.5,22,41
-5.5,-8.3,0.0,969.5,24,43
-6.7,-9.8,0.6,973.3,30,93
-6.9,-11.8,0.0,968.1,19,33
-8.7,-12.4,0.0,963.7,19,43
-4.5,-9.6,0.0,960.5,19,45
-6.0,-9.0,0.8,970.8,39,98
-4.6,-10.5,0.0,971.0,11,50
-6.8,-8.5,0.0,969.2,16,27
-4.9,-7.8,0.0,969.3,18,60
-6.8,-9.3,0.0,970.8,31,80
-5.0,-6.9,0.0,972.4,19,44
-4.7,-7.3,0.0,978.5,21,69
-5.3,-7.9,0.0,978.8,25,56
-4.0,-7.7,0.0,976.2,31,49
-4.9,-7.4,0.0,973.8,19,37
-4.5,-7.2,0.0,974.5,19,29
-6.0,-9.0,0.0,976.3,35,57
-7.0,-10.2,0.0,973.4,27,55
-5.4,-7.4,0.0,975.7,27,58
-5.4,-7.3,0.0,974.5,30,46
-5.3,-8.6,0.0,973.9,35,91
-5.3,-10.2,0.0,977.7,41,81
-2.7,-9.1,0.6,978.1,34,95
-2.1,-8.0,0.0,981.7,29,88
-4.4,-6.9,1.6,987.3,76,86
-3.7,-5.9,0.0,988.3,39,81
-2.2,-4.5,0.0,988.5,30,40
-2.0,-5.8,0.0,984.9,27,37
-3.7,-6.7,0.0,977.2,28,36
-3.6,-5.0,0.0,978.5,33,77
-4.5,-5.9,0.1,979.9,72,84
-5.4,-6.7,1.8,984.8,69,83
-6.0,-8.3,0.0,982.6,27,67
-5.0,-7.2,1.5,984.1,26,67
-5.2,-9.8,0.1,982.9,26,77
-5.4,-6.6,0.0,980.3,26,77
-5.4,-7.3,0.2,981.3,61,79
-4.9,-9.7,0.1,977.5,35,74
-4.8,-7.3,0.0,981.3,30,45
-5.6,-8.4,0.0,980.0,30,40
-5.2,-7.2,0.0,978.3,24,45
-1.5,-5.6,0.0,980.6,29,89
-0.6,-3.9,0.0,980.7,25,33
-2.2,-6.2,0.0,979.6,29,44
-2.0,-6.4,0.0,983.1,31,46
-0.8,-5.8,0.0,987.8,28,50
-1.6,-5.9,0.0,981.4,27,42
-2.1,-4.7,0.0,982.3,25,31
-1.6,-2.6,0.0,981.9,23,50
-1.0,-5.1,0.3,983.4,29,60
-1.8,-3.1,2.0,991.2,56,84
-1.4,-3.3,2.5,994.0,78,90
-1.9,-3.6,0.0,983.5,27,80
-2.9,-5.7,0.0,977.4,39,79
-2.5,-4.7,0.0,981.1,31,82
-0.7,-3.8,0.0,985.5,26,36
-0.8,-5.1,0.0,980.9,26,63
-3.6,-6.6,0.0,971.5,35,52
-4.1,-6.5,0.0,967.1,35,74
-5.4,-8.6,0.0,971.1,37,88
-2.9,-5.1,0.0,968.9,24,34
-3.7,-5.1,0.0,969.2,27,75
-1.5,-5.5,0.0,966.2,23,69
-1.7,-6.6,0.8,968.4,34,95
-2.9,-5.2,1.8,975.0,66,93
-5.0,-6.5,0.0,978.2,51,87
-2.8,-5.2,0.0,975.1,73,90
-3.1,-5.0,2.2,980.6,80,93
-4.2,-6.3,0.0,983.8,35,79
-5.4,-6.8,0.0,983.1,30,57
-6.0,-9.0,0.0,987.0,41,56
-7.6,-10.6,0.0,983.1,38,56
-7.1,-11.0,0.0,980.3,30,41
-8.3,-10.3,0.0,984.7,28,34
-8.0,-9.9,0.1,985.6,23,53
-7.1,-9.2,1.9,985.1,30,62
-6.8,-9.4,0.0,984.4,28,37
-8.1,-9.5,0.0,981.5,25,29
-6.7,-9.5,0.0,981.9,28,54
-6.6,-9.4,0.0,978.5,20,37
-9.2,-12.3,0.0,974.8,19,41
-7.5,-12.4,0.0,968.6,24,47
-8.3,-11.1,0.0,962.8,21,39
-7.4,-10.6,0.0,970.5,21,27
-6.8,-9.5,0.0,981.2,23,37
-7.1,-15.3,0.0,979.2,15,41
-9.2,-14.8,0.0,969.9,16,36
-8.4,-13.4,0.0,977.5,14,51
-9.9,-13.1,0.0,975.1,16,56
-10.5,-12.8,0.0,976.5,18,32
-10.0,-12.2,0.0,983.2,21,25
-11.5,-15.1,0.0,989.0,26,42
-12.5,-15.0,0.0,986.9,18,36
-13.0,-15.3,0.0,985.2,20,41
-14.2,-15.9,0.0,982.2,33,71
-9.7,-13.7,0.0,981.5,45,66
-8.9,-9.6,0.0,984.1,48,86
-8.7,-11.0,0.0,979.5,40,54
-11.0,-12.4,0.2,974.6,50,57
-10.8,-12.6,0.4,973.5,35,84
-10.8,-13.7,0.0,971.1,31,46
-10.7,-12.5,0.0,974.3,28,38
-10.2,-11.8,2.0,976.0,31,77
-11.2,-12.7,2.5,977.8,59,77
-12.7,-14.9,0.4,981.3,33,62
-12.4,-18.2,1.0,982.0,24,48
-13.0,-14.6,0.0,985.8,35,51
-12.4,-23.6,0.0,981.6,15,56
-16.8,-25.4,0.0,972.5,12,33
-18.5,-25.7,0.0,967.8,12,32
-12.2,-19.2,2.1,970.5,13,45
-12.0,-14.7,0.0,979.5,21,35
-11.0,-20.0,0.0,983.1,15,25
-8.2,-12.1,0.0,982.5,24,38
-8.8,-14.9,0.4,984.3,29,92
-11.0,-13.5,0.1,981.2,30,80
-12.9,-20.6,0.0,972.3,13,78
-15.3,-23.2,0.0,967.0,13,29
-13.1,-16.5,0.0,961.3,21,29
-11.6,-19.0,0.0,973.5,15,27
-10.3,-14.7,1.1,991.3,11,56
-13.6,-15.3,0.0,984.0,34,49
-13.6,-17.8,0.0,976.2,17,66
-15.8,-20.2,0.0,976.2,14,21
-9.0,-16.8,0.0,973.8,21,48
-4.9,-12.0,0.0,978.9,27,42
-7.7,-20.4,0.0,980.6,28,91
-9.8,-19.1,0.0,984.5,15,63
-12.0,-14.4,0.0,991.4,20,56
-12.9,-24.3,0.0,994.9,14,25
-18.5,-23.2,0.0,995.9,20,29
-10.7,-18.5,0.0,992.9,19,26
-11.6,-13.3,0.0,995.0,23,35
-12.4,-18.3,0.0,994.2,15,34
-16.3,-17.3,0.0,997.7,16,24
-16.3,-20.0,0.0,993.5,14,33
-18.6,-21.2,0.0,989.4,17,24
-17.2,-23.2,0.0,989.0,17,27
-16.5,-22.8,0.0,984.8,17,23
-16.6,-18.9,0.0,984.6,17,20
-16.4,-18.7,0.0,989.1,18,32
-14.0,-24.0,0.0,991.7,20,33
-16.9,-25.9,0.0,989.7,9,25
-19.5,-27.5,0.0,987.3,11,28
-20.0,-23.5,0.0,983.0,10,16
-22.5,-24.9,0.0,977.9,12,19
-22.1,-28.4,0.0,977.7,11,53
-23.1,-31.5,0.0,978.9,8,25
-16.1,-29.9,0.0,991.1,11,26
-13.4,-17.0,0.0,991.6,8,23
-12.9,-19.0,0.0,987.0,11,98
-19.5,-22.4,0.0,995.8,14,57
-21.5,-22.9,0.0,990.1,15,17
-24.0,-26.1,0.0,986.0,14,19
-24.1,-26.7,0.0,987.6,11,16
-23.7,-25.6,0.0,986.9,15,20
-14.0,-24.8,0.0,969.8,12,21
-8.9,-12.7,0.2,956.6,24,30
-9.8,-18.2,0.0,973.7,25,80
-17.4,-20.7,0.0,976.5,18,25
-16.1,-24.4,0.0,968.9,18,25
-17.0,-20.5,0.0,967.6,18,24
-19.0,-28.6,0.0,977.0,19,28
-18.5,-27.0,0.0,974.7,19,37
-19.7,-23.8,0.0,969.3,26,66
-19.1,-26.5,0.0,972.1,24,38
-20.0,-30.4,0.0,980.7,19,31
-21.8,-30.6,0.0,984.3,13,29
-24.2,-28.0,0.0,977.7,9,17
-28.4,-30.9,0.0,977.6,15,27
-27.6,-29.5,0.0,983.4,14,22
-24.2,-28.2,0.0,978.7,13,28
-27.2,-29.1,0.0,967.8,18,32
-17.7,-27.0,0.3,962.1,17,91
-13.7,-16.6,0.8,959.9,22,84
-12.9,-16.2,0.1,969.6,21,56
-10.1,-17.0,0.0,968.6,25,36
-10.4,-20.9,1.6,972.5,24,96
-18.3,-20.2,0.4,983.9,20,83
-17.4,-20.3,0.0,988.2,18,33
-20.0,-26.9,0.0,995.8,30,46
-21.7,-23.9,0.0,986.3,14,26
-25.8,-28.5,0.0,986.8,26,31
-20.6,-28.4,0.0,994.6,26,57
-20.6,-22.3,0.0,998.3,50,81
-19.4,-21.7,0.0,988.2,19,81
-17.1,-22.2,0.0,975.9,18,28
-16.4,-19.0,0.0,973.7,23,31
-19.7,-21.0,0.0,979.7,29,39
-20.8,-29.3,0.0,992.2,12,35
-25.6,-26.9,0.0,993.3,11,15
-25.8,-27.5,0.0,985.6,16,27
-23.9,-26.3,0.0,988.3,13,23
-20.3,-25.6,0.0,993.7,10,22
-19.7,-29.4,0.0,994.5,16,23
-16.4,-22.6,0.0,985.2,16,32
-17.5,-23.5,0.0,963.1,9,32
-17.9,-25.8,0.2,980.9,23,84
-22.1,-26.4,0.0,981.4,14,70
-21.7,-25.1,0.0,975.3,18,79
-21.3,-24.4,0.0,971.2,15,27
-19.9,-21.6,0.2,966.6,14,85
-13.1,-26.1,0.0,960.0,16,30
-11.8,-24.8,0.0,967.6,21,32
-16.5,-28.4,0.0,970.4,19,34
-22.7,-27.5,0.0,975.0,15,24
-22.3,-26.0,0.0,987.6,14,19
-24.0,-30.6,0.0,989.9,12,20
-19.3,-31.5,0.0,989.1,15,23
-15.9,-23.0,1.2,986.9,17,94
-14.5,-19.0,0.8,987.6,32,85
-11.4,-14.1,0.0,988.7,22,44
-10.4,-16.7,0.3,986.0,25,75
-7.9,-12.9,0.0,992.1,29,79
-13.4,-21.1,0.0,988.5,18,39
-13.5,-18.5,0.0,989.5,25,33
-13.2,-18.3,0.0,995.4,24,34
-12.9,-13.6,1.9,990.3,43,66
-13.4,-14.3,1.9,984.5,50,63
-15.6,-17.5,2.1,990.1,75,87
-16.9,-18.4,1.4,994.9,75,82
-17.1,-18.7,0.0,991.5,41,70
-18.3,-19.1,0.3,988.3,52,83
-17.2,-19.5,0.0,988.9,31,80
-20.7,-24.1,0.0,985.4,33,49
-24.3,-26.0,0.0,988.9,30,38
-21.3,-28.0,0.6,990.1,25,59
-16.5,-21.6,3.7,994.7,38,89
-16.2,-18.0,2.5,989.4,16,87
-16.9,-19.6,0.0,984.8,7,18
-18.4,-24.1,0.3,982.6,10,84
-26.4,-29.5,0.1,987.0,49,78
-29.9,-32.1,0.0,981.7,15,54
-28.5,-33.0,0.0,978.5,10,38
-29.5,-32.5,0.0,969.4,10,39
-31.1,-33.3,0.0,957.4,8,14
-30.2,-34.4,0.0,967.2,4,12
-23.5,-28.8,0.0,971.4,10,19
-20.2,-24.1,0.0,979.1,21,50
-17.3,-24.9,0.0,978.2,6,24
-15.8,-26.2,0.0,977.6,6,54
-15.1,-25.8,0.0,975.6,8,94
-18.2,-28.0,0.0,961.0,9,52
-16.5,-24.7,0.6,970.0,13,96
-15.2,-25.4,0.0,969.9,13,37
-13.8,-23.2,0.0,966.7,9,27
-16.1,-24.5,0.0,980.9,9,21
-15.0,-21.8,0.0,979.9,9,58
-13.1,-21.4,0.0,981.0,10,25
-12.7,-16.2,0.0,983.2,9,73
-13.4,-16.7,0.0,983.5,12,21
-15.8,-19.3,0.0,983.2,11,16
-19.7,-23.6,0.0,994.2,12,19
-24.6,-28.3,0.0,995.6,13,25
-26.3,-28.9,0.0,1001.0,15,29
-27.5,-29.6,0.0,997.0,12,19
-28.1,-31.2,0.0,996.4,11,19
-31.0,-33.2,0.0,1000.3,8,16
-28.2,-35.2,0.0,996.6,8,23
-26.1,-29.3,0.0,984.3,9,17
-25.1,-31.0,0.0,982.9,12,36
-16.8,-25.9,0.0,982.5,13,27
-14.9,-24.1,1.0,986.1,15,99
-20.1,-22.4,0.1,992.3,33,99
-10.8,-22.0,0.4,986.1,16,43
-11.8,-16.9,2.0,980.8,35,83
-14.9,-18.0,0.0,978.9,22,87
-17.5,-24.2,0.0,981.1,15,24
-12.3,-16.4,0.0,986.1,20,31
-12.6,-15.8,0.0,997.0,19,31
-11.5,-16.9,0.0,996.9,13,26
-10.7,-20.3,0.0,991.4,9,44
-8.9,-13.1,0.0,991.9,6,13
-12.7,-17.5,0.0,982.8,11,53
-19.5,-27.9,0.0,978.6,11,66
-26.3,-28.9,0.0,983.6,11,62
-29.8,-31.2,0.0,990.2,22,36
-30.4,-32.2,0.0,991.3,11,18
-30.1,-32.0,0.0,988.8,8,12
-27.3,-33.5,0.0,991.0,6,50
-22.5,-27.2,0.6,988.6,50,82
-19.5,-23.4,0.0,977.8,47,80
-21.6,-25.9,0.0,966.1,13,32
-25.5,-30.2,0.0,970.9,15,29
-22.3,-27.1,0.0,975.7,19,37
-22.4,-32.7,0.0,972.9,17,33
-27.2,-34.8,0.0,968.5,12,39
-25.5,-28.1,0.0,966.9,20,62
-18.1,-24.6,1.0,945.8,20,67
-17.4,-20.9,0.0,946.2,22,78
-22.0,-30.3,0.0,961.2,14,32
-25.2,-27.1,0.0,967.4,10,15
-25.8,-36.0,0.0,967.4,12,23
-22.1,-33.1,0.0,971.0,10,22
-22.0,-25.9,0.0,983.0,11,29
-21.0,-24.3,0.0,989.0,15,99
-21.7,-24.3,0.0,989.8,10,22
-22.6,-23.5,0.0,985.9,18,24
-23.8,-27.7,0.0,980.8,27,77
-27.0,-28.5,0.0,982.2,36,78
-27.3,-30.0,0.0,978.8,10,21
-20.9,-29.6,0.0,974.8,8,64
-16.0,-21.5,0.0,973.1,21,37
-14.5,-19.2,0.0,968.9,12,80
-18.1,-26.9,0.0,962.0,10,17
-16.1,-21.3,0.0,972.2,13,40
-17.8,-24.8,0.1,975.0,23,36
-18.3,-19.8,0.0,982.1,36,43
-19.2,-22.6,0.0,981.3,26,50
-23.4,-26.5,0.0,978.7,15,38
-25.8,-27.8,0.0,974.2,12,18
-25.9,-29.9,0.0,973.4,11,18
-13.5,-26.9,0.0,961.0,13,31
-13.5,-22.1,4.0,945.4,24,95
-22.2,-23.5,0.1,954.6,29,83
-18.1,-23.6,0.3,958.3,21,71
-18.3,-25.0,1.7,961.5,21,72
-19.1,-21.3,0.3,960.0,17,80
-13.6,-21.0,0.0,956.6,18,85
-10.1,-17.4,0.2,950.2,25,42
-6.9,-13.2,0.0,952.4,25,41
-12.9,-15.1,0.0,963.1,18,35
-10.5,-15.3,0.0,969.1,17,30
-11.0,-13.3,0.0,967.5,26,50
-9.4,-21.2,0.0,968.5,20,38
-10.3,-16.0,0.0,960.1,16,29
-9.6,-17.1,0.1,959.6,18,38
-12.5,-15.0,0.6,971.0,17,96
-13.6,-17.0,0.6,978.1,25,100
-17.6,-25.1,0.1,989.0,34,82
-17.9,-22.5,0.0,992.1,12,31
-19.1,-22.0,0.0,978.7,13,33
-16.9,-21.2,0.0,962.3,14,81
-16.4,-19.8,0.0,960.7,14,26
-11.7,-16.8,0.0,972.9,24,38
-12.2,-18.0,0.0,974.8,25,37
-16.4,-19.5,0.0,976.9,30,70
-17.6,-19.7,0.0,977.2,37,84
-19.0,-22.4,0.0,975.1,33,46
-13.6,-19.8,0.0,972.2,22,35
-6.7,-13.4,0.0,964.0,16,22
-5.7,-10.8,0.1,970.2,27,84
-7.7,-14.6,0.0,969.6,23,53
-4.1,-13.4,1.2,970.8,15,99
-1.7,-10.0,0.0,974.4,23,71
-3.2,-7.4,0.0,970.2,21,37
-6.8,-10.3,0.0,968.6,23,42
-9.8,-12.0,0.0,972.2,32,55
-11.6,-13.4,0.0,973.4,17,54
-12.9,-17.6,0.0,976.0,15,27
-14.9,-17.2,0.0,975.7,18,30
-10.1,-15.3,0.0,973.6,21,28
-9.3,-16.1,0.0,974.5,27,38
-9.9,-14.2,0.0,975.6,22,41
-8.7,-10.5,0.0,967.6,15,40
-4.9,-11.9,0.0,960.9,13,33
-5.0,-8.6,0.0,965.4,22,65
-5.3,-8.3,0.0,964.4,33,58
-6.7,-8.7,0.0,961.8,36,51
-7.1,-10.1,0.0,965.4,37,40
-9.1,-13.0,0.0,969.1,41,64
-10.4,-12.9,0.0,969.7,46,55
-10.4,-14.3,0.0,971.5,43,51
-10.9,-14.0,0.0,977.0,29,46
-9.9,-11.2,0.0,980.1,14,25
-8.9,-12.1,0.0,968.7,10,39
-9.4,-14.2,0.0,964.4,10,24
-4.9,-14.1,0.0,967.6,19,36
-3.0,-11.7,0.5,974.6,27,86
-2.9,-8.5,0.0,977.0,17,67
-3.4,-7.8,0.0,975.8,18,42
-2.7,-6.6,0.0,971.4,18,41
-3.1,-6.5,0.0,975.9,18,64
-4.4,-9.5,0.0,980.5,19,39
-6.2,-9.3,0.0,983.2,19,49
-6.1,-8.0,0.0,982.2,20,46
-7.5,-9.6,0.0,976.8,25,56
-5.2,-7.2,0.0,973.7,21,46
-4.1,-7.2,0.0,974.0,15,25
-4.2,-6.2,0.3,984.9,15,60
-3.8,-8.1,3.2,982.1,30,62
-2.6,-7.6,0.0,971.9,26,53
-3.1,-6.7,0.0,966.5,19,43
-3.3,-7.3,0.0,974.0,26,45
-0.9,-6.3,0.0,974.9,23,51
-3.0,-5.2,0.0,973.3,21,34
-4.1,-6.3,0.3,976.6,34,80
-3.9,-7.7,0.0,980.8,36,65
-3.2,-6.8,0.0,978.5,23,69
-3.1,-5.7,0.0,976.1,28,86
-0.9,-6.3,0.0,971.1,29,87
-3.1,-8.7,0.2,972.5,64,97
-2.0,-5.4,0.0,974.8,31,78
2.6,-3.8,0.0,973.7,22,79
0.5,-4.2,0.0,980.1,23,81
-1.2,-4.8,0.0,987.0,22,91
3.7,-1.0,0.0,981.0,19,55
4.1,-5.2,0.0,981.9,22,90
-0.6,-3.7,2.2,982.0,77,91
0.3,-3.7,1.0,979.2,30,89
-1.9,-4.3,0.9,976.6,53,92
-0.0,-1.9,0.0,973.2,32,58
1.0,-2.5,0.0,974.4,32,74
1.3,-5.4,0.3,981.4,30,90
-4.6,-5.4,1.7,981.7,67,89
-4.2,-5.6,0.0,979.5,50,76
-3.6,-5.9,0.0,980.0,40,67
-2.1,-4.3,0.0,979.6,30,54
-0.6,-5.9,0.0,978.2,29,58
-1.6,-6.5,0.0,974.1,27,61
-2.9,-7.6,0.0,971.3,35,71
-5.1,-8.1,0.0,968.7,36,61
-4.6,-6.7,0.0,973.6,40,69
-4.4,-6.1,0.0,978.2,26,70
-4.7,-6.1,0.2,980.7,39,93
-5.0,-6.1,0.0,980.0,20,87
-4.5,-7.0,0.0,980.2,28,77
-3.7,-6.1,0.0,982.4,25,78
-1.6,-3.9,0.0,987.8,25,41
-1.7,-4.8,0.0,990.2,32,59
-3.0,-4.1,0.1,987.3,49,67
-3.1,-6.3,0.0,991.8,40,76
-4.0,-6.8,0.0,989.0,24,68
-3.4,-5.2,0.0,980.7,21,46
-3.0,-7.3,0.0,981.4,23,81
-6.3,-8.5,0.0,982.4,44,73
-6.7,-8.8,0.2,980.0,34,64
-5.4,-7.8,0.7,980.8,35,64
-4.3,-5.6,2.7,985.2,56,74
-2.8,-4.1,0.0,990.6,57,77
-2.4,-4.4,0.0,990.0,18,69
-3.5,-4.6,0.0,983.3,26,60
-3.9,-5.9,0.0,972.9,15,45
-4.1,-7.1,0.0,976.7,20,58
-6.6,-10.0,0.0,978.9,23,44
-4.9,-7.2,0.0,976.2,17,41
-5.6,-7.8,0.2,976.9,20,49
-7.2,-9.0,0.1,980.5,51,72
-6.5,-8.2,0.0,982.8,49,70
-7.0,-8.9,0.4,984.0,29,66
-6.7,-9.0,0.0,979.6,52,78
-5.4,-7.4,0.0,974.5,27,70
-5.8,-8.6,0.0,970.4,20,66
-6.8,-10.5,0.0,970.7,20,38
-4.7,-9.8,0.0,973.3,23,44
-4.2,-13.3,0.0,969.8,22,42
-8.0,-11.1,0.0,967.0,16,44
-5.9,-8.2,0.0,981.6,22,35
-5.7,-8.7,0.0,985.2,19,32
-8.8,-10.7,0.0,983.7,19,38
-8.8,-13.9,0.0,985.0,29,47
-7.8,-11.7,0.0,988.5,14,29
-7.9,-10.9,0.0,994.6,16,33
-7.5,-9.6,0.0,995.4,14,31
-7.6,-10.8,0.0,991.6,14,23
-8.1,-11.3,0.0,994.4,19,46
-6.7,-9.9,0.0,991.9,18,58
-9.2,-11.4,0.0,998.2,23,66
-7.1,-11.1,0.0,994.0,20,31
-9.3,-12.0,0.0,991.4,18,26
-11.5,-13.0,0.0,990.5,21,33
-10.9,-13.1,0.0,988.0,28,78
-8.3,-11.5,0.0,983.7,25,33
-7.3,-9.3,0.0,973.8,26,44
-4.3,-8.6,1.3,969.9,39,94
-6.8,-10.4,4.9,981.9,85,93
-8.1,-12.0,0.2,980.2,31,83
-8.9,-12.2,0.1,980.0,27,49
-6.7,-9.4,0.1,990.9,30,50
-7.7,-10.3,0.0,992.2,21,77
-9.2,-14.0,0.0,992.9,16,37
-13.7,-15.1,0.0,990.6,22,31
-14.6,-15.7,0.0,987.3,16,29
-15.7,-17.0,0.0,986.1,21,29
-16.0,-21.4,0.0,984.2,20,35
-14.6,-18.6,0.2,980.9,22,34
-13.6,-17.4,0.0,981.2,22,29
-13.3,-17.5,0.0,982.2,17,29
-13.2,-17.0,0.0,988.7,15,35
-13.0,-17.0,0.0,982.5,18,66
-14.8,-16.9,0.0,980.9,51,77
-14.7,-18.1,0.0,977.3,57,80
-14.5,-25.0,0.0,968.6,19,72
-20.5,-24.3,0.0,967.5,14,31
-20.0,-21.1,0.0,970.4,16,19
-15.9,-20.5,0.0,973.5,17,20
-15.9,-24.1,0.0,983.5,13,23
-15.3,-19.2,0.0,979.7,15,23
-13.9,-16.4,0.9,980.0,22,84
-13.0,-15.5,0.0,981.8,19,60
-9.1,-23.9,0.2,971.4,15,33
-6.6,-10.2,0.0,974.0,25,40
-10.8,-15.2,0.0,986.2,18,25
-14.6,-18.4,0.0,983.4,19,28
-15.5,-19.4,0.0,978.8,10,84
-19.8,-22.4,0.6,979.1,17,72
-20.8,-27.1,0.0,978.3,15,24
-20.4,-22.3,0.0,980.4,13,18
-21.9,-23.1,0.0,976.1,19,34
-23.6,-25.6,0.0,974.8,15,23
-25.7,-27.8,0.0,975.6,17,25
-26.6,-29.4,0.0,977.1,15,29
-27.5,-34.8,0.0,974.2,13,23
-18.8,-29.9,0.0,976.2,8,19
-15.9,-18.1,0.0,980.0,20,26
-20.4,-24.3,0.0,984.8,12,29
-22.7,-26.6,0.0,987.0,11,19
-24.2,-26.5,0.0,982.3,13,22
-25.9,-27.5,0.0,979.2,12,17
-20.1,-27.0,0.0,974.9,11,23
-19.1,-24.7,0.0,971.4,18,39
-23.9,-27.1,0.0,976.7,16,27
-14.9,-24.8,0.0,983.0,14,29
-12.5,-21.9,0.0,984.2,15,24
-13.4,-26.3,0.0,987.6,21,36
-9.9,-17.3,0.0,977.9,18,29
-8.1,-21.1,0.0,967.1,21,69
-9.6,-13.8,0.5,979.4,24,82
-8.9,-14.3,0.0,984.4,21,57
-15.7,-19.5,0.0,977.9,14,20
-9.7,-20.5,0.0,966.4,14,85
-9.4,-12.8,0.4,966.5,28,85
-10.4,-13.5,0.0,973.3,24,82
-14.0,-18.2,0.0,980.3,16,45
-18.2,-20.2,0.4,983.8,18,30
-18.0,-20.8,0.0,984.9,25,73
-17.6,-18.8,0.0,984.3,15,23
-18.9,-22.2,0.0,979.9,13,17
-18.7,-23.4,0.0,975.0,21,28
-18.9,-26.1,0.0,964.8,15,23
-14.3,-30.8,0.0,958.4,14,35
-15.7,-24.2,1.0,973.8,32,100
-10.2,-24.1,0.0,981.0,13,31
-13.7,-17.7,0.0,988.1,14,28
-17.7,-21.0,0.0,985.4,13,18
-17.8,-22.3,0.0,979.1,12,54
-13.2,-26.1,0.0,974.1,15,24
-12.4,-18.3,0.0,975.2,19,34
-14.4,-19.9,0.0,972.8,18,28
-17.6,-20.4,0.0,974.9,14,19
-20.8,-21.9,0.0,977.5,15,22
-19.6,-23.6,0.0,977.2,18,26
-16.2,-22.1,0.0,975.2,15,28
-15.2,-25.0,0.2,973.3,21,100
-20.7,-22.1,1.0,979.1,23,100
-19.1,-24.4,0.0,976.9,19,91
-14.0,-19.1,0.0,974.2,16,31
-11.5,-13.6,0.0,978.9,25,68
-9.1,-12.0,0.0,974.7,19,35
-10.6,-18.5,0.0,977.8,19,46
-14.4,-16.8,0.0,997.7,24,42
-15.6,-18.4,0.0,999.3,23,38
-18.8,-19.9,0.0,1000.3,16,38
-19.7,-29.0,0.0,999.7,11,24
-14.5,-27.9,0.0,1000.1,10,21
-11.7,-14.2,1.2,999.5,24,46
-10.4,-13.5,0.0,997.8,34,43
-12.8,-18.0,0.0,997.0,11,39
-14.6,-21.9,0.8,994.9,11,73
-16.7,-19.9,0.0,998.4,9,18
-20.6,-22.8,0.9,990.2,17,83
-22.9,-27.7,0.1,983.5,15,81
-25.2,-30.4,0.0,971.4,12,24
-26.0,-28.4,0.0,970.8,11,22
-22.0,-27.4,0.0,974.4,11,50
-21.7,-23.8,0.0,972.6,13,42
-23.4,-27.2,0.0,973.5,14,17
-17.6,-22.4,0.0,970.4,16,76
-10.8,-17.7,0.0,947.8,12,22
-8.0,-12.6,0.0,948.0,18,27
-13.5,-29.4,0.2,961.4,20,69
-19.8,-29.7,0.0,969.1,16,33
-23.2,-32.0,0.0,968.1,8,27
-24.7,-38.3,0.0,973.7,8,32
-24.8,-34.0,0.0,973.2,7,14
-25.0,-29.8,0.0,965.9,8,20
-25.2,-37.7,0.0,975.9,13,24
-28.1,-39.1,0.0,972.2,8,22
-28.8,-35.8,0.0,976.6,12,18
-31.8,-34.4,0.0,968.0,10,15
-32.3,-35.2,0.0,970.0,9,14
-21.8,-32.9,0.0,967.8,5,17
-16.4,-24.8,0.4,965.9,19,97
-9.4,-23.7,0.4,950.8,17,61
-12.6,-17.5,1.6,954.8,24,97
-12.0,-18.6,0.2,963.5,18,87
-12.7,-17.7,0.0,961.0,14,87
-14.4,-19.7,1.6,967.9,20,100
-12.0,-21.2,0.0,960.2,9,37
-9.9,-20.1,0.0,964.2,17,85
-21.1,-27.8,0.0,970.8,15,34
-19.6,-21.5,0.0,983.7,26,32
-22.0,-25.2,0.0,977.4,21,53
-24.1,-26.3,0.0,978.4,22,83
-17.9,-28.7,0.0,980.4,15,28
-13.6,-19.3,0.0,985.6,10,17
-5.9,-24.4,0.0,973.2,10,31
-2.9,-9.8,0.0,968.1,28,56
-7.4,-17.5,0.0,971.6,19,50
-6.5,-12.3,0.4,978.6,20,99
-13.3,-17.6,0.0,993.1,22,99
-14.9,-16.6,0.0,999.3,22,60
-16.6,-18.2,0.6,1002.1,33,53
-19.2,-21.7,0.5,1003.7,15,69
-20.1,-22.9,0.0,999.2,15,38
-20.7,-24.3,0.0,992.5,17,87
-24.0,-29.3,0.0,989.3,48,96
-21.8,-28.7,0.0,981.2,21,100
-23.1,-28.8,0.0,985.9,20,91
-26.3,-34.9,0.0,986.4,50,76
-26.5,-34.2,0.0,991.2,38,91
-13.9,-28.2,0.1,993.6,9,86
-17.3,-22.5,0.0,996.2,14,32
-18.1,-23.3,0.0,990.5,14,25
-12.6,-19.7,0.0,981.1,13,25
-12.7,-21.8,0.0,984.3,22,93
-14.2,-15.7,0.0,981.1,22,39
-17.1,-22.1,0.0,980.6,13,67
-23.1,-26.6,0.0,986.2,24,29
-28.2,-30.3,0.0,990.3,21,33
-30.4,-32.4,0.0,990.2,16,63
-31.1,-34.2,0.0,992.9,36,93
-31.3,-35.6,0.0,992.5,34,68
-26.1,-32.1,0.0,1004.2,20,84
-25.4,-29.9,0.4,1011.6,42,87
-21.3,-26.8,0.0,1000.6,17,74
-24.5,-28.5,0.0,994.7,28,85
-25.5,-29.4,0.0,994.8,30,75
-21.6,-31.9,0.0,988.7,10,30
-16.9,-22.0,0.0,969.2,10,14
-12.7,-16.4,0.0,966.3,14,45
-12.4,-22.1,0.0,969.1,20,30
-18.0,-21.4,0.0,979.7,21,38
-22.0,-22.8,0.0,985.3,60,92
-22.6,-23.9,0.0,984.2,10,41
-20.7,-24.8,0.0,982.9,14,21
-21.0,-22.5,0.0,966.8,16,21
-16.4,-23.2,0.0,963.4,15,35
-13.6,-21.4,0.0,966.3,19,56
-11.9,-18.8,0.0,967.6,16,29
-13.7,-18.8,0.0,976.2,27,39
-16.4,-26.1,0.0,971.5,17,35
-17.3,-26.8,0.0,968.9,17,45
-20.2,-22.3,0.2,979.7,23,90
-16.2,-23.1,0.0,972.6,14,45
-13.9,-18.4,0.2,957.9,27,67
-11.3,-15.6,0.6,959.1,25,96
-13.6,-18.1,0.9,970.9,21,81
-14.9,-19.1,0.0,973.4,19,62
-18.9,-22.1,0.0,975.9,22,76
-16.1,-22.1,0.0,977.3,20,29
-15.5,-22.4,0.0,970.5,20,38
-13.3,-17.9,0.0,962.7,17,53
-11.6,-14.8,0.1,962.6,17,43
-11.3,-27.5,0.0,964.3,16,31
-17.9,-23.0,0.0,964.5,18,42
-18.9,-20.5,0.0,972.6,17,28
-17.9,-22.3,0.2,971.2,17,97
-21.9,-25.4,0.0,965.2,18,25
-22.2,-24.4,0.0,961.9,9,19
-24.5,-27.1,0.2,970.7,9,76
-26.5,-27.8,0.0,971.1,11,16
-16.2,-28.0,0.0,963.6,12,43
-16.6,-28.7,0.0,963.7,16,25
-21.7,-26.4,0.0,974.4,11,34
-23.3,-24.9,0.0,972.6,16,47
-24.1,-26.5,0.0,953.2,10,19
-24.7,-28.1,0.0,958.4,8,14
-23.5,-26.5,0.0,975.2,13,27
-23.2,-29.8,0.0,980.0,10,23
-25.9,-28.6,0.0,976.3,10,16
-19.9,-28.5,0.0,974.5,12,22
-14.0,-21.6,0.0,975.4,18,96
-17.1,-22.6,0.0,975.5,12,19
-16.5,-27.7,0.0,976.8,12,25
-14.0,-16.7,0.0,976.7,8,57
-17.2,-20.6,0.0,974.6,9,19
-18.0,-25.7,0.0,978.9,10,87
-22.3,-25.0,0.0,971.0,11,79
-22.1,-31.9,0.0,962.2,9,18
-13.3,-24.1,0.9,949.2,17,98
-12.1,-17.9,0.1,960.9,25,83
-18.5,-21.4,0.0,972.2,22,75
-18.3,-21.5,0.0,968.9,18,78
-16.0,-18.8,0.0,968.4,21,34
-16.4,-18.4,0.0,967.3,21,27
-15.4,-25.2,0.0,966.3,20,30
-20.1,-23.7,0.0,963.4,13,24
-21.5,-24.8,0.0,972.1,18,32
-19.7,-23.8,0.0,980.2,18,24
-17.5,-22.4,0.0,978.8,18,58
-17.5,-21.0,0.0,981.0,14,90
-17.0,-25.7,0.0,980.7,13,30
-15.2,-24.4,0.0,972.4,14,30
-13.4,-18.2,0.0,974.9,20,37
-14.8,-18.6,0.0,972.4,17,52
-18.4,-21.2,0.0,969.3,20,26
-18.5,-20.2,0.0,969.6,21,25
-15.2,-20.2,0.0,976.3,12,28
-12.2,-19.3,0.0,990.3,21,66
-13.3,-19.4,0.0,988.7,13,33
-15.2,-18.0,0.0,986.5,14,36
-16.6,-20.1,0.0,993.2,15,36
-15.8,-18.6,0.0,989.7,14,39
-13.2,-16.6,0.0,986.8,53,77
-11.7,-17.9,0.0,984.5,16,48
-12.1,-17.4,0.0,980.4,16,37
-12.6,-20.0,0.0,981.2,13,34
-12.7,-20.2,0.0,987.4,13,37
-11.4,-13.9,0.0,990.6,23,29
-12.9,-19.0,0.0,989.3,22,37
-14.8,-17.4,0.0,986.9,28,35
-8.6,-13.5,0.0,983.2,22,57
-8.4,-15.1,0.0,983.4,16,50
-6.2,-9.0,0.0,988.2,23,69
-7.4,-10.9,0.0,989.3,19,73
-5.6,-10.6,0.0,988.0,17,41
-3.9,-7.1,0.0,985.5,20,69
-5.4,-8.9,0.0,986.1,24,50
-8.7,-11.2,0.0,988.0,18,36
-8.2,-14.9,0.0,989.5,19,41
-9.3,-11.5,0.0,992.1,13,42
-10.8,-12.7,0.0,987.8,31,85
-9.9,-11.8,0.0,981.7,58,79
-11.0,-13.3,0.0,981.6,40,71
-10.8,-15.2,1.2,989.5,52,81
-11.5,-15.6,0.0,993.4,18,73
-10.9,-13.6,0.0,990.6,21,44
-10.2,-15.3,0.0,988.5,28,80
-7.4,-9.9,0.0,987.4,20,29
-6.3,-11.1,0.0,986.8,21,40
-4.2,-10.9,0.0,984.5,20,44
-4.3,-6.9,0.0,990.0,25,79
-2.0,-7.4,0.4,990.1,41,89
-2.9,-7.2,0.0,989.7,23,87
-3.0,-5.8,0.0,990.2,23,56
-4.3,-7.6,0.0,989.1,21,52
-4.7,-7.3,0.0,988.1,26,51
-4.0,-5.8,0.0,977.1,23,40
-3.1,-5.4,0.0,980.4,22,54
-1.8,-5.7,0.0,987.2,37,95
-4.4,-6.9,0.6,990.1,56,91
-5.8,-9.4,0.0,988.2,50,84
-4.4,-7.0,0.6,996.6,24,70
-5.4,-8.9,0.1,994.8,20,47
-3.9,-7.9,0.0,991.3,17,43
-1.9,-6.6,0.7,987.9,20,93
-5.7,-8.2,1.0,992.2,79,94
-2.9,-7.3,0.0,988.5,46,87
-2.2,-6.9,2.5,990.7,60,92
-1.7,-4.2,7.1,986.2,63,93
-3.0,-4.6,1.4,988.5,63,83
-2.1,-5.3,0.0,987.8,35,94
-2.8,-6.2,0.3,989.8,39,98
-0.7,-3.1,0.0,990.3,34,52
-1.5,-4.3,1.3,997.0,36,90
-3.0,-4.4,2.5,999.2,77,90
-2.0,-3.1,1.2,997.3,74,89
-2.8,-5.0,0.0,989.2,49,92
-2.9,-5.7,0.0,990.1,71,91
-5.3,-6.2,0.3,1000.6,78,88
-4.7,-6.8,0.0,1001.4,68,82
-3.3,-5.7,0.0,993.5,46,72
-2.7,-4.6,0.0,982.9,16,70
-1.3,-6.4,0.0,980.3,16,52
-2.8,-6.2,0.0,979.0,22,52
-2.2,-3.4,0.0,979.4,25,47
-1.5,-4.1,0.0,977.7,36,65
-1.8,-6.0,0.0,981.4,30,58
-2.6,-6.3,0.0,989.0,29,71
-3.4,-6.2,0.0,990.1,42,71
-3.6,-6.3,0.0,988.6,28,62
-3.3,-6.5,0.0,993.8,21,64
-3.9,-6.6,0.0,994.2,40,64
-2.2,-4.5,0.0,984.8,52,80
-2.8,-5.2,0.0,982.6,45,89
-2.6,-4.9,0.0,982.7,46,73
-2.9,-5.5,0.6,984.2,44,94
-2.8,-5.2,0.0,985.4,40,67
-2.8,-4.7,3.6,994.0,49,93
-4.4,-6.1,0.4,990.3,36,77
-4.6,-7.1,0.0,988.6,32,84
-2.4,-3.9,0.0,985.1,27,48
-2.8,-6.7,0.0,984.7,24,37
-3.0,-5.6,0.0,988.5,25,57
-4.1,-8.5,0.0,987.3,46,78
-3.6,-5.0,0.7,984.6,33,73
-4.6,-6.7,0.0,984.6,35,81
-5.3,-7.4,0.0,984.7,40,51
-6.4,-7.6,0.0,982.5,56,70
-5.2,-7.6,0.0,981.4,33,59
-3.4,-5.6,0.0,976.2,30,35
-2.0,-5.0,0.0,977.2,27,38
-3.4,-7.2,0.0,985.7,25,63
-4.2,-7.1,0.0,993.0,34,93
-2.7,-5.8,0.0,990.9,22,50
-2.4,-5.7,0.0,991.6,21,44
-2.0,-3.0,0.0,988.5,21,32
-3.0,-6.4,0.0,987.9,42,79
-5.0,-7.3,0.0,987.9,44,84
-3.3,-5.2,0.0,988.8,28,48
-3.1,-6.0,0.0,984.2,42,61
-5.1,-6.3,0.3,983.0,44,75
-5.4,-8.0,0.0,988.5,63,93
-4.7,-6.6,0.0,988.6,57,86
-3.9,-4.9,0.0,985.4,60,73
-4.4,-6.1,0.0,981.1,26,67
-5.4,-6.5,0.0,976.8,23,43
-5.5,-8.4,0.0,975.5,23,50
-4.1,-7.3,0.0,972.3,22,29
-1.2,-4.9,0.0,973.1,21,45
1.5,-7.8,1.8,978.5,33,95
0.4,-4.9,0.0,971.0,18,48
-1.2,-4.8,0.0,975.8,29,48
-0.5,-4.8,0.0,978.5,30,92
-4.0,-6.4,0.0,979.1,44,85
-5.5,-10.7,0.0,976.5,28,57
-6.4,-8.4,5.0,976.9,52,80
-6.7,-7.5,5.7,984.5,81,90
-7.2,-11.8,0.0,986.5,25,86
-10.6,-12.6,0.0,984.9,17,77
-11.8,-15.5,0.0,984.2,15,80
-12.7,-16.6,0.0,983.7,17,39
-4.9,-12.7,0.0,978.0,19,35
-3.7,-10.0,0.0,969.5,29,41
-4.6,-7.8,0.7,965.4,30,48
-4.1,-6.4,1.7,970.1,51,61
-5.6,-7.8,0.0,974.7,45,51
-7.6,-9.9,0.0,975.5,40,57
-7.9,-11.4,0.6,983.2,51,69
-9.8,-15.5,0.0,987.1,14,58
-12.2,-15.4,0.0,983.6,20,62
-15.3,-16.1,0.0,981.0,17,56
-15.4,-20.6,0.0,973.6,12,21
-17.4,-22.0,0.0,972.3,12,27
-14.6,-17.7,0.2,980.5,15,37
-12.3,-18.0,0.1,982.1,19,39
-12.7,-15.6,0.0,976.9,19,23
-11.1,-12.9,1.6,976.6,22,55
-11.7,-18.5,0.0,972.7,12,37
-14.2,-20.5,0.0,964.1,14,30
-15.8,-20.5,0.0,969.1,18,33
-14.9,-22.4,0.0,975.1,22,39
-17.2,-22.2,0.0,967.8,16,34
-16.3,-17.6,0.0,973.9,18,28
-17.1,-24.3,0.0,980.4,18,27
-20.1,-26.2,0.0,977.4,13,24
-19.8,-23.0,0.0,978.3,13,19
-19.9,-23.0,0.0,977.1,14,20
-19.4,-22.1,0.0,974.8,15,43
-16.6,-19.7,0.4,974.3,36,56
-17.2,-26.8,0.0,977.7,19,59
-19.6,-26.9,0.0,978.4,10,31
-19.3,-20.9,0.0,983.9,11,42
-20.6,-25.5,0.0,986.6,9,37
-24.0,-27.5,0.0,982.0,32,77
-21.1,-27.2,1.5,980.1,25,49
-15.6,-21.6,2.0,969.6,27,68
-15.4,-16.8,0.0,964.3,38,84
-15.3,-19.1,0.0,962.0,27,33
-15.4,-18.8,0.0,966.2,22,43
-17.4,-28.3,0.0,971.4,14,29
-15.1,-29.0,0.0,982.2,12,34
-14.1,-25.6,0.0,988.1,14,27
-18.2,-22.4,0.0,982.4,19,30
-17.5,-22.6,0.0,973.9,15,24
-15.4,-20.7,0.0,981.6,18,24
-17.4,-24.5,0.0,993.6,17,26
-18.4,-23.4,0.0,992.0,17,23
-19.4,-22.8,0.0,985.4,14,21
-20.6,-23.7,0.0,981.9,16,26
-18.7,-20.8,0.0,974.1,20,39
-13.1,-20.1,0.0,969.3,21,29
-16.2,-21.0,0.9,974.4,22,85
-19.5,-24.8,0.3,980.9,18,91
-20.7,-31.1,0.0,971.3,12,24
-20.2,-26.3,0.0,977.1,8,34
-19.0,-24.3,0.0,971.6,13,21
-19.4,-30.1,0.0,961.4,13,23
-22.1,-26.0,0.0,976.1,15,22
-22.1,-26.6,0.0,979.5,10,19
-17.3,-25.5,0.0,955.4,9,15
-14.5,-17.9,0.0,962.7,13,91
-18.8,-23.4,0.0,977.7,16,45
-13.2,-19.9,0.0,971.0,11,20
-18.5,-19.7,0.0,977.5,16,83
-17.8,-20.6,0.0,977.6,13,45
-19.2,-24.9,0.0,977.2,14,23
-13.2,-22.8,0.0,977.9,10,87
-14.1,-18.8,0.0,990.3,18,32
-17.9,-19.8,0.0,990.5,13,18
-19.5,-20.9,0.0,996.5,12,16
-20.4,-21.9,0.0,993.4,10,16
-20.0,-22.6,0.0,984.5,13,21
-18.8,-21.8,0.0,982.6,18,25
-17.5,-19.9,0.0,984.2,16,30
-18.6,-21.5,0.0,987.1,18,25
-20.4,-22.3,0.0,987.9,16,25
-20.7,-24.0,0.0,983.6,27,92
-20.7,-26.7,0.0,977.6,15,74
-19.1,-30.7,0.0,970.9,18,36
-22.2,-30.0,0.0,970.9,14,29
-21.4,-31.5,0.0,983.1,18,39
-20.3,-30.1,0.0,977.7,10,17
-20.1,-24.1,0.0,980.8,11,23
-24.2,-27.2,0.0,983.3,12,17
-18.0,-26.5,0.0,983.9,11,25
-18.5,-22.9,0.0,979.1,23,45
-24.5,-26.7,0.0,981.0,22,40
-23.5,-26.6,0.0,977.9,17,30
-23.4,-25.7,0.0,974.3,16,40
-24.3,-29.2,0.0,979.8,22,54
-21.9,-24.9,0.0,983.9,23,75
-16.1,-21.9,0.0,975.5,15,34
-16.1,-19.9,0.0,976.2,20,88
-16.4,-22.8,0.0,969.1,23,55
-16.0,-19.0,0.0,962.1,22,35
-16.2,-23.5,0.0,962.8,17,33
-19.6,-26.3,0.0,966.4,13,21
-20.5,-25.3,0.0,970.8,13,17
-19.5,-29.2,0.0,976.9,14,25
-17.2,-22.9,0.0,972.7,18,24
-13.0,-25.4,0.0,968.5,19,37
-12.1,-24.3,0.0,958.3,18,30
-12.9,-17.1,0.1,961.4,21,98
-13.0,-20.3,1.3,963.0,24,87
-17.8,-19.7,0.0,975.5,21,50
-18.6,-19.9,0.0,976.0,22,33
-21.1,-23.5,0.0,978.9,24,37
-17.4,-23.7,0.0,966.3,12,23
-18.2,-22.8,0.2,963.6,23,94
-21.5,-25.6,1.8,971.5,75,85
-22.9,-26.7,0.0,971.9,22,71
-17.9,-23.8,0.0,972.5,21,83
-16.6,-19.4,0.0,969.0,19,31
-19.6,-26.5,0.0,966.7,13,22
-24.1,-26.3,0.0,972.6,12,19
-23.2,-26.9,0.3,983.6,13,44
-25.3,-27.5,0.1,983.0,35,50
-26.8,-29.7,0.0,982.7,18,36
-27.3,-31.1,0.0,975.3,13,35
-28.0,-30.8,0.0,973.0,13,75
-27.1,-30.3,0.0,971.1,13,17
-22.5,-34.4,0.0,967.4,12,28
-19.9,-26.5,0.0,965.1,16,91
-14.1,-27.9,0.0,960.9,17,26
-17.1,-25.1,0.0,962.4,13,29
-10.6,-23.5,0.0,966.1,12,40
-15.6,-22.9,0.0,981.4,15,61
-17.6,-22.6,0.0,985.4,13,18
-9.3,-20.1,0.0,982.3,10,30
-7.1,-16.4,0.1,988.8,13,84
-14.5,-20.3,0.0,982.9,10,17
-14.7,-18.1,0.0,1001.2,11,60
-15.3,-19.7,0.0,997.6,14,86
-7.5,-18.6,0.0,987.5,14,19
-5.6,-13.0,0.1,994.8,17,97
-8.2,-14.0,0.0,992.4,17,59
-10.3,-15.2,0.0,974.5,14,77
-15.7,-19.3,0.0,974.4,11,68
-17.4,-19.9,0.0,970.9,11,23
-18.5,-23.1,0.0,980.5,13,59
-23.0,-25.3,0.0,990.3,21,30
-21.0,-26.6,0.0,994.9,25,38
-17.8,-21.8,0.0,994.2,23,80
-17.8,-21.8,0.2,989.3,73,83
-17.8,-22.4,0.0,984.0,48,77
-16.6,-24.9,0.0,978.3,15,30
-17.2,-21.7,0.0,975.5,12,17
-16.5,-20.4,0.0,973.7,13,18
-17.3,-19.0,0.0,970.9,12,16
-19.1,-27.5,0.0,983.7,13,21
-23.6,-27.3,0.0,980.9,15,21
-25.7,-28.7,0.0,968.6,10,16
-27.5,-29.0,0.0,975.0,14,20
-30.1,-32.0,0.0,976.8,11,18
-31.7,-35.2,0.0,976.6,6,9
-23.2,-32.8,0.2,981.8,6,87
-17.9,-25.4,1.5,968.3,27,88
-12.8,-20.8,0.9,950.4,28,100
-18.2,-21.7,0.7,972.6,20,87
-21.6,-27.5,0.0,974.7,12,38
-24.7,-27.7,0.0,976.2,12,14
-24.3,-26.8,0.0,983.8,11,26
-21.3,-27.4,0.0,981.5,14,98
-25.3,-29.2,1.5,985.6,24,95
-28.6,-32.1,0.0,990.6,34,49
-29.5,-34.6,0.0,980.8,22,40
-29.8,-35.7,0.0,968.2,14,32
-27.2,-29.9,0.2,965.1,17,82
-24.1,-25.8,0.6,974.7,19,96
-19.9,-24.1,0.0,973.5,11,20
-19.3,-22.1,0.0,972.1,20,29
-15.1,-21.0,0.0,971.7,24,30
-16.7,-21.2,1.4,981.6,27,100
-18.3,-21.5,1.1,986.4,47,86
-16.1,-23.9,0.2,990.3,16,97
-10.4,-16.4,0.2,976.7,16,36
-9.3,-13.2,1.1,982.3,31,87
-11.0,-13.7,0.0,986.7,24,33
-13.1,-18.5,0.0,991.9,22,48
-17.8,-19.7,0.0,997.1,29,56
-17.9,-21.1,0.0,999.2,31,82
-23.4,-28.0,0.0,992.4,19,60
-25.5,-30.0,0.0,981.4,14,20
-22.4,-25.4,0.0,980.2,21,91
-23.0,-25.5,0.4,984.4,67,99
-23.1,-26.1,0.2,973.7,38,96
-15.1,-24.0,0.4,953.0,20,79
-13.6,-17.1,0.2,964.5,27,85
-16.3,-19.8,1.6,981.4,68,100
-18.2,-21.0,0.1,992.5,17,90
-19.4,-21.6,0.0,999.5,18,48
-18.7,-20.9,1.4,1000.1,58,83
-18.8,-33.4,0.7,990.2,12,83
-19.1,-24.0,1.1,975.2,21,77
-11.3,-24.7,4.7,961.8,27,57
-7.4,-13.3,7.9,970.8,46,88
-8.5,-11.1,4.0,984.5,59,81
